1,1,QmbLHAnMoJPWSCR5Zhtx6BHJX9KiKNN6tpvbUcqanj75Nb,1050,183,5,109,355,427,12,493,1152,4,19,145,267,15,11,287,39,1034,73,33,3,473,238,9758,914,1494,25,337,6,79,119,1631,97,4354,144,324,21,1869,127,465,10,338,130,469,2,38,7,17,52,26,75,18,2344,70,9542,516,875,1161,9,27,1067,31,69,29,116,14,103,2155,259,143,1657,279,1169,2465,71,1116,1049,345,49,67,2492,1006,933,46,16,1151,65,37,1195,72,450,32,2526,484,80,102,768,485,167,676,96,196,176,222,4304,2396,1844,47,385,68,423,312,515,84,329,24,980,367,163,8142,1656,449,93,266,1628,132,1075,74,405,81,409,1188,191,3265,380,1175,2098,365,1700,263,1408,994,22,346,66,1760,76,23,20,1383,63,13,2392,214,903,8,1120,311,716,916,243,570,254,396,177,62,2204,28,40,45,448,922,227,36,426,4621,301,239,57,172,4949,514,256,88,416,168,128,35,55,98,313,89,651,432,90,48,41,1203,274,160,1124,723,1627,1222,2410,53,42,935,422,1275,56,1263,199,43
1,2,12D3KooWQg7n2JBwojG4opPk2UceyUW4bqRQpFVBtbKWEjSxUF5r,1357,427,698,2237,1992,195,49,291,612,1959,455,112,685,722,791,343,4051,30,395,51,679,817,1,1259,50,24,716,1365,648,1442,1253,86,644,1378,59,201,848,2099,511,251,289,99,34,1663,82,54,385,83,5087,389,100,95,191,530,700,101,52,337,441,325,186,288,85,788,60,61,3197,4327,140,216,105,405,77,547,64,327,1861,413,476,2098,321,205,97,377,81,1745,63,143,2344,204,220,489,3225,980,122,550,58,247,979,1335,189,691,331,486,179,849,681,1700,272,1345,125,286,496,153,146,161,2540,1637,1242,307,1090,1244,106,91,1211,4129,284,5244,475,2015,308,137,1098,2177,451,141,2176,1257,9542,117,114,614,88,851,1105,110,70,508,119,425,865,454,3001,637,563,439,558,232,276,162,447,290,862,90,456,226,1653,976,2030,355,135,87,2816,249,1987,172,458,1957,1059,152,187,185,1799,988,212,206,672,1104,2252,224,248,916,444,780,743,843,1588,200,829,740,218
1,3,12D3KooWL1bbzagZ1aNiTvqcoLPKG92wG47LCwktfvw8LkJeaGFd,1049,1480,4513,707,223,404,762,382,629,4587,217,1852,1831,209,268,215,406,245,208,599,110,407,71,2128,662,4497,808,619,228,1376,234,2771,276,734,1166,873,262,231,202,2354,280,2271,252,1542,277,173,437,1729,498,1006,230,718,236,442,340,524,283,237,1563,200,305,1122,6754,2085,645,2831,297,794,890,587,3519,1731,250,1797,1926,1039,492,317,621,281,1114,315,332,994,310,605,666,341,116,330,335,282,2469,1767,961,1669,2547,357,191,316,3756,886,5233,351,314,323,1696,1684,613,490,363,334,897,544,194,546,44,1196,78,505,2438,2855,725,736,221,1746,244,94,154,746,119,669,108,1375,142,453,2321,2265,468,104,120,412,1549,147,337,129,182,126,123,157,131,113,134,646,124,115,391,136,753,399,275,178,1933,1321,1656,240,643,509,253,471,623,1439,1809,525,138,557,1446,107,497,361,133,507,1484,942,64,151,149,446,1088,150,631,1066,1956,175,127,2103,193,440,764,1924,1463,428,1329,657,654,1903,1258,494,1774,463,164,192,257,170,180
1,4,12D3KooWK8WRcGPWDWBEWMG8ZH4ssqHFF53e6bL9TgM97j4FjyWL,673,1202,1014,519,210,1374,687,904,92,255,742,299,2648,165,376,1598,1451,975,930,355,261,118,139,770,4495,325,1604,503,207,851,2641,2146,1628,258,1569,1298,64,1472,431,1019,397,513,2526,624,174,152,321,74,3534,184,4441,1473,183,289,1239,233,1776,14,1486,433,1098,659,990,3692,9758,555,137,1551,198,188,2338,1487,246,565,374,203,211,2344,1326,823,242,227,1167,225,996,6257,510,265,229,344,586,622,185,24,1261,1597,600,483,1191,1613,430,168,1612,891,469,1320,294,1070,805,306,1957,751,692,1651,1006,1342,309,4567,6148,670,339,601,360,784,273,328,1861,1400,1941,690,1967,838,2687,1575,1497,598,777,3925,121,1132,964,19,1211,610,3151,1150,837,172,571,436,333,1234,353,1436,4680,350,190,2204,2040,2218,224,1960,615,726,1259,111,574,1163,1769,410,540,1043,660,1773,790,614,627,1265,1381,1184,130,1110,872,1244,1787,551,2600,13139,3971,1786,1782,1144,3704,506,501,1438,680,1117,1301,5,3192,668,1803,390,523,867,1807,846,2016,1819,745,403,1066,5098,417,647,2144,85,378,462,675,2832
1,5,12D3KooWFExp2DmZcS2y5qDXftimt9hZmoCAmBhjMp1PDbxry51F,295,732,405,148,2239,591,502,661,11,1120,156,650,652,38,495,1903,474,351,60,515,694,478,487,559,477,287,479,774,1014,568,165,1836,989,1145,1633,2914,828,482,706,3547,526,408,562,167,354,3799,459,1085,534,218,937,191,2560,580,563,500,381,153,618,372,135,342,115,361,98,158,1257,353,1309,22,2061,368,636,356,169,638,171,213,656,569,424,2098,241,1870,1975,713,227,2616,235,575,2030,583,181,1049,767,1040,1885,159,1400,346,603,1182,737,757,898,67,712,418,1888,435,2797,475,318,572,779,155,2465,383,904,938,164,166,42,1451,421,260,199,458,803,4,626,33,2536,3971,269,3268,118,742,1292,903,1605,2132,70,4396,683,467,14,1007,543,1337,2204,1263,88,839,899,1869,4621,267,845,1153,532,491,520,445,449,481,1992,935,658,2059,512,389,1944,109,689,4282,309,2289,926,1958,426,789,3048,1227,1291,4550,1620,831,480,528,470,1954,53,1165,285,747,871,688,2379,592,553,196,531,722,901,7997,429,663,1978,271,324
1,6,QmavKGgeRBhsd4Hj9fc7tGFF61hz1s17CaJhiSfooJvwto,941,905,664,821,1078,2136,665,539,1506,697,686,1699,5227,545,371,419,349,536,535,373,617,775,358,527,529,1931,584,991,4718,2093,177,464,155,616,1815,896,2831,2128,758,1232,827,574,866,908,855,671,411,311,387,434,1398,1209,457,802,402,778,894,7258,2181,911,729,319,210,567,1048,369,2421,219,984,978,590,1185,537,554,1343,892,965,636,303,655,1018,1139,710,1616,1133,302,1217,452,300,876,1481,264,538,727,2158,589,741,296,388,4294,440,2174,366,3262,649,625,820,576,29,2172,1544,578,913,278,1230,1953,1660,1658,1340,1667,573,1100,1076,320,1235,709,3181,833,293,466,588,375,517,640,1141,730,793,58,326,1016,4619,4452,1223,1117,2608,304,882,1252,1115,952,630,521,1700,948,561,1024,1930,885,1204,1053,1148,674,415,1146,577,669,2237,2010,1186,1215,634,1111,1073,499,488,472,594,1011,582,401,2230,1334,1360,504,783,91,1201,859,1911,936,3026,352,699,1069,641,1716,1130,1029,1488,682,2212,642,695,1013,1730,835,522,962,1409,771,912,1633,853,1427,708,2320,1550,883,1079,836,1160
1,7,12D3KooWG4WrSobRFHEjbEtw9uZYY68B1Jq9LRjgAwi3DubRv39k,69,714,2338,2215,606,90,864,1097,416,806,711,1555,1210,728,1026,739,733,7789,313,1460,1154,1495,1835,857,1153,1192,810,1885,1261,2248,2250,435,1127,1150,1303,1183,2101,900,321,48,1892,1094,1386,950,379,685,647,201,2268,8591,717,165,1494,1534,2641,156,168,1569,1198,1134,63,1574,773,920,172,53,2204,1101,179,137,1786,723,81,776,1971,737,385,1575,266,1604,141,963,9542,481,1703,748,845,832,1009,2337,292,4934,386,542,1345,1151,1259,347,405,1425,1629,1035,384,540,586,976,270,362,474,2566,211,769,178,491,1765,843,308,3656,1878,1144,528,1062,1037,505,267,1454,1512,1068,167,663,1174,1098,364,348,1181,2059,880,2138,1132,331,1221,719,615,565,218,443,1781,3342,1129,975,731,420,38,779,1143,359,990,1043,195,1059,906,35,469,907,610,1164,929,84,909,1142,1214,761,953,858,41,1724,571,927,943,121,1606,1056,1255,1190,716,1211,374,1309,1206,2218,376,1117,1263,2952,1636,851,703,960,14,1017,357,1441,21,2062,2459,579,355,336,378,2354,1442,1772,1178,398,436,265
1,9,12D3KooWNynKc1wVGWziVinFVfsj3pYqNvV1cwonrX5A5UNgetzz,2124,637,228,1121,929,392,920,102,1751,306,1234,1020,1619,322,1194,906,792,1426,1778,1147,3027,1914,685,205,1576,2539,2549,2544,286,944,1987,950,400,940,847,370,135,1536,393,2379,1394,1125,2576,61,693,1314,973,146,648,1734,1179,28,1180,2104,1168,1038,1313,1046,298,1176,5034,1231,216,2092,1000,1099,1883,759,4128,1218,161,957,1045,225,414,1305,2615,1060,25,122,1213,608,987,1476,4831,974,460,2134,1827,461,3268,2420,881,115,1475,190,1297,1509,633,704,922,394,2703,1117,2438,1709,1158,887,1138,1573,1368,1421,1578,1822,607,1237,1233,1479,2946,1084,552,2019,533,2658,395,518,1156,1049,328,1626,1594,850,585,339,1199,99,308,427,2657,1798,15,683,597,959,2274,851,1591,830,1311,4571,1226,993,875,548,756,2667,3417,1405,1387,587,1081,1579,1095,982,2317,1272,254,1347,841,716,556,191,1025,765,2659,6,1089,1131,677,2234,1859,581,1683,872,110,156,811,515,755,1030,1884,3756,721,240,1422,834,37,1482,1614,1074,3723,541,750,1091,69,4067,1960,988,602,892,2690,611,1348,864
1,10,QmTJpSbvgoBtRLv1rKvA24dRw7eG8h6k5BYH3qhJp7wFwe,997,1052,641,1607,2909,1434,1118,620,145,1119,684,1858,1617,1492,1830,1753,2944,1437,1507,2511,1089,1310,1483,950,1761,1316,705,1271,1332,1417,1580,1352,2490,939,1661,901,1382,2076,1389,1353,1391,1211,13,1842,1397,1662,1396,1610,1109,1240,2973,744,2935,752,844,1087,1415,2983,1823,928,968,1066,932,1245,1640,1504,1393,1968,1155,715,998,801,167,2145,1406,1162,1829,1456,2912,3011,1248,1955,1834,1041,1720,1687,1003,1975,1072,1058,869,347,1416,3189,1485,34,1277,1350,3021,3001,1957,842,2259,1478,772,1816,1405,970,854,2131,2135,1290,1285,797,3039,1672,701,1302,766,1906,763,1721,1743,2251,1615,760,2147,702,96,1031,1471,3059,1875,667,473,800,1824,1517,3061,917,2266,1418,971,799,2281,3077,1064,1187,977,1700,1269,981,1351,1490,1964,1593,786,787,822,1847,1674,5,1301,884,888,1543,5243,1868,967,1735,877,1279,1036,2344,1649,716,1108,1260,812,1843,2739,818,1771,809,819,1540,177,814,1448,1044,1552,1241,1341,2960,1513,863,1586,1890,878,3184,931,741,1170,1599,785,1976,2036,870,1541,972,1510
1,11,12D3KooWFRsQTKQ7DCbUAyuuZmPnC1yM2PFWE6PtcnhNcfcq4vzv,1515,3132,1522,3959,1663,18,167,166,355,1668,42,350,243,2799,791,35,851,1598,2074,739,161,1744,2199,273,1383,59,1061,2344,3224,1770,2161,1263,70,52,3270,62,1914,1656,1211,1056,612,191,1250,2434,47,719,2647,524,768,433,2461,2415,1469,1472,163,1142,2108,4085,2406,1153,2053,1745,944,1871,2264,2686,2403,673,3979,1528,1806,328,2674,3044,1678,2364,1987,1257,2277,1799,1455,1450,2140,179,1557,1041,242,2016,1893,447,1457,2195,2265,3990,2061,1475,2436,1635,97,2101,1675,1768,3991,1511,2114,558,4320,1477,3387,87,1447,2013,3125,213,1881,834,437,275,9542,3042,2604,2876,2945,41,1154,3108,2898,2008,439,1978,797,2381,2500,356,6332,994,444,456,656,2676,240,463,752,2580,2014,3163,1700,331,140,1609,2252,1711,2555,4066,1704,427,3183,1793,245,2722,2848,1788,988,172,509,129,2058,2396,2702,571,1895,1501,271,1577,1570,1538,1216,2243,2021,105,486,3094,3772,3012,1851,2822,1502,308,1150,2100,531,4091,1098,2178,2752,1951,742,570,5,824,459,1714,321,3003,312,2435,2766,3013,2179,156,1698,1400,4103,1530,1080,1559,476
2,1,QmbLHAnMoJPWSCR5Zhtx6BHJX9KiKNN6tpvbUcqanj75Nb,515,127,450,2465,56,177,396,493,15,243,1265,26,337,875,21,42,238,214,916,914,1161,1657,90,22,405,21888,33,1151,27,449,324,167,93,355,48,168,1116,74,263,144,287,338,1034,71,14,89,1006,1222,43,29,128,76,13,68,7,1175,426,41,84,2344,69,432,1869,1203,227,67,267,6,2098,2155,9,49,55,4354,259,329,1050,385,570,39,4621,97,88,196,172,72,20,2526,1067,1627,422,1408,465,9758,109,18,16,199,723,81,4949,53,1494,191,103,1700,40,52,24,1383,2204,409,176,980,346,80,716,32,1124,28,768,73,279,922,75,36,70,1844,1152,1656,130,17,651,3265,8142,145,8,57,254,1631,19,427,1120,423,163,35,119,514,313,160,116,143,256,98,312,1195,473,903,37,11,66,345,516,4,4304,274,1263,38,676,2,484,935,365,448,994,31,469,65,25,2410,132,380,63,183,2392,301,2396,1628,1188,102,266,239,1275,47,10,46,1760,9542,3,12,416,96,79,62,2492,45,23,1049,1075,222,1169,933,5,367,311
2,2,12D3KooWQg7n2JBwojG4opPk2UceyUW4bqRQpFVBtbKWEjSxUF5r,81,496,13636,1090,614,64,99,691,740,343,327,153,389,251,486,1365,1098,716,248,247,1357,1959,95,325,1242,82,105,988,172,114,125,4129,637,458,848,547,34,456,291,1663,331,791,1957,3001,1700,58,648,980,698,220,6103,206,1637,101,205,152,141,612,511,179,284,112,60,337,685,85,2030,722,195,672,851,9542,405,4051,201,427,1345,425,140,249,454,2098,1745,70,1799,90,2816,476,508,2176,119,91,1105,191,1378,137,447,4327,780,439,1059,30,3197,1588,146,1259,321,51,200,83,135,288,979,2344,186,455,187,475,308,444,1257,59,226,22030,2015,216,88,61,1987,2237,550,413,1653,2252,161,563,122,679,1244,77,644,1442,218,5244,1992,117,49,849,681,185,489,700,162,1,743,377,1104,204,232,286,916,976,558,86,54,97,843,307,24,224,2540,20406,788,355,50,530,1211,100,385,5087,290,52,817,110,2177,395,143,272,63,189,87,212,865,1861,289,829,441,3225,106,862,276,451,2099
2,3,12D3KooWL1bbzagZ1aNiTvqcoLPKG92wG47LCwktfvw8LkJeaGFd,361,108,498,2321,150,1926,9843,1924,669,1484,1797,315,151,794,1729,1956,341,277,525,657,2265,446,330,1542,64,1114,281,110,268,1480,113,282,71,725,1767,175,1376,613,250,262,240,1321,509,11298,116,202,314,275,1684,471,1039,149,252,605,886,221,1809,1563,136,942,1439,1066,1375,1463,492,154,2354,244,619,412,208,2547,497,335,629,209,164,587,217,2855,646,524,437,1006,131,2831,123,494,718,764,280,2469,340,228,442,1446,1933,127,3519,133,753,2128,120,707,191,310,645,245,323,1049,332,142,237,115,283,440,351,126,453,507,1831,104,6754,994,406,44,234,654,297,382,4497,546,215,873,1774,961,1122,662,200,276,762,599,399,230,1088,428,231,1549,3756,1656,194,4587,124,316,157,334,170,734,890,180,463,557,337,1258,631,192,391,2103,407,363,1166,1731,134,257,1669,107,193,505,736,173,94,119,623,1746,1852,897,305,621,404,5233,468,357,317,2771,223,490,182,1329,808,147,178,666,746,2438,1903,253,129,544,2085,643,236,2271,1196,138
2,4,12D3KooWK8WRcGPWDWBEWMG8ZH4ssqHFF53e6bL9TgM97j4FjyWL,1609,647,4478,733,5499,1775,554,3501,880,11001,4680,185,1117,692,2585,24,2641,501,256,2795,722,374,1941,12589,140,2447,988,430,184,196,331,1259,198,1960,6340,1401,85,1597,2344,317,3122,1244,11378,355,118,425,2624,17029,790,627,3286,1946,18042,1642,3279,837,3534,3027,9253,540,36,2112,713,1043,2600,1345,60,943,1792,64,8014,1120,624,18481,14,1769,350,8675,9293,929,677,5998,2559,1040,2486,12,11914,6470,3045,2108,990,1301,360,288,1265,4184,13312,8011,904,862,3625,1326,10104,273,2211,6211,726,10365,1400,2648,21,10538,22031,2733,1833,552,1261,1819,1497,3178,168,1604,258,287,11005,6148,503,139,700,16180,964,116,15381,14076,1066,8910,378,2566,1675,1547,11542,7022,3777,270,2580,848,9397,5289,2465,10043,199,247,6611,300,5632,5462,1019,1441,2915,8347,3496,2218,1163,2952,22047,436,670,1214,2927,229,11849,519,405,1263,17,3759,1211,13445,5434,2078,8505,13567,867,299,7235,857,11445,19,2526,1014,183,5,1799,9999,5697,523,2832,6032,6398,1612,1167,3368,8357,1411,6034,1534,1546,10026,1381,324,6998,891,1062,109,6021,8988,12119,462,3310,4441,565,2146
2,5,12D3KooWFExp2DmZcS2y5qDXftimt9hZmoCAmBhjMp1PDbxry51F,424,405,989,839,4282,2465,7997,22,543,901,346,638,475,153,520,196,482,14,553,712,368,1633,33,353,269,528,169,845,562,1400,155,1007,831,1958,1263,164,474,1944,235,429,459,871,148,618,688,309,295,689,2098,487,11,742,2030,767,1085,158,218,70,2289,479,6228,803,1888,592,656,1903,737,3268,652,356,1049,683,2536,650,2061,53,828,534,166,287,2914,661,88,109,445,722,470,4550,3971,926,663,477,167,3799,2616,526,747,512,4,1120,1954,449,1337,389,354,779,467,898,1309,383,435,3048,515,227,285,342,426,98,271,418,774,2059,135,118,937,713,159,575,491,408,899,1292,2239,495,324,568,241,1605,267,478,694,1869,421,191,500,60,1451,4621,42,938,1153,757,2797,1014,732,502,583,67,351,2560,580,532,181,563,171,1836,1257,636,569,904,1975,115,658,361,480,2379,156,381,1291,603,1227,626,1620,1182,903,2204,199,559,935,1992,4396,2132,318,706,165,1150,458,591,1978,481,260,213,38,3547,1040,572,789,531
2,6,QmavKGgeRBhsd4Hj9fc7tGFF61hz1s17CaJhiSfooJvwto,387,835,561,300,1235,655,1016,488,730,671,319,2320,793,2181,866,3262,536,682,1209,710,1911,2128,264,29,590,589,2831,1148,358,584,1204,882,1232,521,1160,1053,674,588,859,695,1953,727,419,1334,1931,1011,965,320,991,641,594,2158,936,758,411,853,4294,415,452,913,1069,1343,820,729,4619,373,833,352,912,504,1667,876,896,1409,1660,664,434,210,2010,2174,3181,855,1130,1139,2421,1146,402,1186,827,1252,783,527,708,539,2136,466,1340,4452,630,802,1141,388,5227,369,1018,576,1079,905,1616,1024,177,962,537,1658,573,2093,371,538,577,642,293,1633,578,529,219,554,1506,1398,366,1133,302,775,883,2230,1550,296,155,617,699,517,941,1230,304,669,636,1115,836,1185,499,1078,665,1073,522,303,978,582,464,1223,1488,311,1117,908,894,634,1100,1815,58,1700,535,1544,1215,1048,885,1029,1730,2237,574,1201,440,911,821,2212,1930,91,952,6763,1699,741,545,771,1427,326,1481,1076,2172,349,625,1217,640,278,3026,21951,1013,567,892,472,686,401,948,1360,778,4718,1716,1111,984,616,457,697,2608,649,375,7258
2,7,12D3KooWG4WrSobRFHEjbEtw9uZYY68B1Jq9LRjgAwi3DubRv39k,491,292,1221,1062,880,267,1181,1150,540,1134,2250,739,1703,379,2248,1192,41,416,8591,3342,443,703,2338,362,1303,386,378,851,1441,1178,14,663,63,960,810,141,4934,1604,832,172,1606,167,2204,436,907,1101,1164,266,2062,929,355,347,943,1129,1263,737,90,9542,1885,81,858,1098,1494,348,1043,806,990,571,1068,201,481,1026,1174,505,168,776,21,1555,331,773,1210,420,1035,84,336,1495,857,920,385,1454,1056,364,1636,1765,1835,1878,542,565,953,1892,769,864,359,1153,38,1512,1460,950,1143,1132,586,12747,976,647,2566,685,265,610,469,1214,2268,579,1261,1127,1425,1183,321,156,728,137,376,975,1971,528,1154,2138,398,313,1017,906,195,963,779,2101,3656,405,474,1151,748,308,53,1629,1575,2641,606,615,900,1198,270,5448,435,1259,165,2059,178,716,1206,2215,711,2218,1534,179,731,927,843,723,357,719,1190,1059,1097,845,35,1569,211,1144,1255,15073,69,2952,761,714,1781,2337,48,1142,1009,1094,1574,2354,1211,121,717,1037,1345,374,384,1772,1386,1117,1309,218,2459,909,1786,7789,733
2,9,12D3KooWNynKc1wVGWziVinFVfsj3pYqNvV1cwonrX5A5UNgetzz,556,1734,721,1822,2317,240,993,792,2657,2134,1131,1422,1199,2667,1084,191,608,1827,959,1421,1138,1859,2019,1348,988,1089,190,2576,683,2124,1509,518,1594,414,611,461,2438,322,811,2690,1394,3417,1074,1751,2615,602,1117,515,1960,1314,1426,648,1213,102,1579,1311,716,339,922,541,161,1176,1218,1347,834,1046,637,37,2549,1884,25,906,306,298,393,460,61,1476,1272,1025,6,1578,228,1709,1099,920,400,677,2544,587,1180,5034,1591,3027,950,2703,1237,1081,1233,1573,216,3723,1147,585,872,1883,1156,4067,1234,581,847,974,841,2946,940,875,225,1576,685,704,1536,99,1194,2274,1060,548,756,254,3756,1095,765,1798,1226,1121,973,427,28,13426,2659,135,1479,1030,1020,4571,1179,110,15,115,987,1045,597,286,1168,944,146,887,1125,864,1000,607,156,750,1049,1778,1313,1614,3268,851,1475,2092,1038,1683,205,308,850,693,982,633,2379,755,328,2104,4128,892,4831,370,1297,69,1368,1387,1091,2658,1305,957,2420,881,122,759,552,1158,395,1619,1231,1405,392,1987,2234,2539,830,394,1914,1482,533,929,1626
2,10,QmTJpSbvgoBtRLv1rKvA24dRw7eG8h6k5BYH3qhJp7wFwe,1437,1700,1610,1003,1471,1842,1260,884,931,34,1277,1968,2739,772,3184,1279,1829,1271,888,968,1483,1964,1823,809,877,1580,3039,786,967,2344,1543,814,928,997,1490,1066,641,2912,1448,2131,2935,1290,1478,812,1416,167,3061,1513,716,901,1672,3189,1830,1248,1617,1391,1087,1241,939,1211,177,878,1118,766,2076,1674,1316,1541,1405,950,1858,1353,800,1507,715,1240,13,917,1492,842,1753,1301,1593,2909,1072,1743,667,744,752,1720,1456,1417,932,998,844,1661,1350,1341,1875,1119,787,1615,1816,1847,145,1393,2983,1310,1044,1170,1957,2266,1396,1975,620,819,854,1735,702,2135,1285,1485,1824,1976,1109,1351,96,3059,1510,2147,1540,1089,19551,1031,870,3077,797,1599,1771,1586,1162,1552,863,1036,1332,1890,1245,1187,1670,818,1058,2281,1397,1640,1504,1843,822,972,741,799,5243,347,3001,1155,760,970,705,869,1406,1389,1108,977,1382,1955,1434,981,1761,1302,2944,1834,1041,2490,2145,1418,1415,2251,1868,2511,2036,1662,1352,2960,473,763,3021,1269,1906,1687,701,1649,15009,2259,785,801,971,1721,5,22016,1607,1517,684,1052
2,11,12D3KooWFRsQTKQ7DCbUAyuuZmPnC1yM2PFWE6PtcnhNcfcq4vzv,1501,2053,1635,1511,1609,1502,1978,4091,944,2604,2434,2100,719,1704,2822,571,5,531,1061,824,1153,1475,444,3013,2021,59,1745,2252,2876,3959,447,1895,2406,2013,524,18,1678,1263,2074,331,1450,2058,2686,1914,1469,1806,6332,2364,834,1569,1851,2243,1150,1987,2264,2555,1250,2114,1770,1577,2108,3044,3108,355,656,9542,2101,3163,797,851,439,1447,791,2199,2722,356,70,2580,2766,1570,673,2702,1788,271,1216,1041,2752,156,463,243,1663,3125,1668,3012,570,1793,433,1400,321,476,1528,2898,3387,1383,2140,558,42,308,742,1538,4085,1080,2381,41,988,2799,179,1559,275,2461,2435,1598,3270,3979,3183,1799,2265,612,2008,994,1893,1768,161,2061,47,2178,350,2848,2945,166,1477,1881,486,3772,4066,3990,739,1098,459,1522,129,1557,768,273,1675,105,456,1211,1154,2436,3132,2277,1951,1457,245,167,3042,2179,1744,3094,2676,2161,509,87,140,1871,2674,52,1455,752,1656,191,1257,437,2344,1515,328,5918,1142,1700,3003,35,240,3991,62,2195,3224,172,2396,2014,1056,163,2016,2647,2500,312,2403,2415,427,213,1472,1698,97,1530,22028,1711,242
3,1,QmbLHAnMoJPWSCR5Zhtx6BHJX9KiKNN6tpvbUcqanj75Nb,1075,1175,1006,1124,1152,42,55,935,279,254,27,68,922,88,1657,1120,1628,119,93,380,423,345,128,426,63,396,18,515,172,1631,47,96,130,1169,13,168,2526,311,4621,70,49,484,355,3,2098,65,473,56,25,2410,81,28,6,1188,1151,1656,2465,1627,432,72,7,2204,266,14,312,1263,24,9,267,19,22,12,1844,46,33,109,35,69,73,405,222,1275,20,243,2492,2,346,263,9542,1050,37,239,238,97,903,4304,1494,67,11,1869,385,676,98,53,301,9758,768,1700,716,10,191,723,196,160,416,127,143,116,48,71,914,1067,2392,1116,29,90,916,16,227,43,2344,1760,102,80,183,651,199,15,4949,256,274,132,40,422,493,177,74,38,259,167,4354,3265,52,21,1034,1195,1408,41,163,39,32,485,8,5,26,980,324,514,214,145,75,4,2396,365,36,17,8142,103,448,329,450,79,875,1203,2155,337,287,1383,144,465,45,1049,57,449,176,22464,409,66,338,933,516,62,469,313,367,427,23,570,1161,76,84,31,89,994
3,2,12D3KooWQg7n2JBwojG4opPk2UceyUW4bqRQpFVBtbKWEjSxUF5r,81,204,385,247,87,119,249,355,3001,101,20406,272,829,4327,224,681,58,530,125,286,201,106,489,2237,135,558,90,343,1663,337,276,862,52,191,791,5087,59,1588,865,232,679,110,691,508,427,2177,1861,51,2099,1799,788,218,141,289,13636,486,284,4129,307,2816,24,916,50,185,54,34,1378,698,454,83,5244,476,91,114,77,1090,146,817,99,1257,550,248,64,325,780,49,1992,195,153,3225,444,563,648,85,63,1345,1957,1104,327,612,82,1700,843,86,743,290,161,220,2098,980,1105,189,3197,186,152,451,212,1244,740,456,251,1259,321,122,291,1,70,9542,988,547,61,140,308,2344,979,1745,331,441,112,455,614,700,187,1442,405,172,1357,1959,637,377,1211,496,95,60,849,2540,644,143,2176,97,137,511,458,413,105,1987,1059,851,672,216,722,475,848,2030,100,439,1637,6103,395,1653,162,179,226,88,685,117,205,389,1365,2252,1242,447,2015,1098,4051,976,200,716,288,425,30,206
3,3,12D3KooWL1bbzagZ1aNiTvqcoLPKG92wG47LCwktfvw8LkJeaGFd,1656,1166,1066,468,120,2438,332,404,1797,237,175,357,669,305,599,657,2354,245,147,1114,191,5233,605,317,129,64,746,180,890,150,202,217,182,753,231,2469,1669,351,282,509,623,1376,194,277,525,497,330,557,149,44,335,428,2265,253,399,337,124,643,341,280,119,494,613,3519,463,115,157,442,142,645,276,524,942,794,897,136,1480,1484,314,133,110,236,1924,361,544,1258,764,2855,193,257,406,123,200,631,131,223,412,275,178,228,297,230,736,281,173,234,192,1903,808,1375,440,3756,546,1767,886,437,215,1731,707,629,164,1684,718,310,994,654,492,646,1463,250,22634,505,108,4587,471,240,2103,1831,315,154,71,1926,587,170,6754,1439,1549,126,1006,734,2128,2547,1329,134,1774,104,316,1563,762,244,1542,1088,252,1039,208,2271,2321,1933,221,1446,127,382,323,2085,873,1049,2831,363,621,498,1122,11298,107,1729,453,138,666,490,662,1196,209,262,407,446,22324,268,2771,1321,113,116,1852,22650,725,1956,283,94,1809,961,1746,619,151,334,391
3,4,12D3KooWK8WRcGPWDWBEWMG8ZH4ssqHFF53e6bL9TgM97j4FjyWL,935,13312,3496,1941,3045,6611,109,3368,2486,324,10104,1546,9370,1211,1117,1765,5632,2927,8347,1301,8910,3501,1244,360,1163,2108,139,7235,1062,18042,12589,988,2447,540,6211,103,1597,3279,64,8014,2465,1609,60,1547,692,713,1534,17029,1642,670,6032,12,554,5462,2795,2016,10026,506,11542,677,1799,1604,1043,1214,346,1298,1775,8011,9253,2559,5697,857,185,1261,6424,11849,10043,2832,3122,11445,1675,700,9933,1960,10365,1486,85,140,2625,331,430,378,2078,519,1497,624,1014,2580,503,14076,1019,880,1326,1441,13445,9397,2624,9999,964,168,7022,2146,1803,3777,790,425,381,436,838,990,2648,6470,3178,929,247,229,1401,5,1769,837,6148,10538,2207,501,1819,3625,3759,5998,270,24,1259,4184,523,300,1167,1381,1946,273,6998,2915,5499,256,21229,1400,13567,374,19,848,3534,184,2344,552,6021,6034,36,11378,8505,2526,1066,317,299,14,2641,2211,733,943,9293,627,647,909,15381,199,6340,565,1792,722,11005,11914,287,183,8675,12119,484,2566,18481,116,862,118,2585,2952,4680,470,3027,2655,726,2218,198,2670,258,355,6398,1958,2600,350,1345,17,462,1833,867
3,5,12D3KooWFExp2DmZcS2y5qDXftimt9hZmoCAmBhjMp1PDbxry51F,779,33,926,3268,478,3799,1869,559,381,1291,1150,580,1257,500,22,899,706,553,1605,148,2239,424,269,38,1888,1903,356,572,722,495,271,694,520,937,663,318,2536,2061,2030,351,1182,871,309,1992,531,568,181,592,481,353,470,1120,164,1153,2289,474,803,528,153,449,3971,737,421,636,287,713,435,383,213,767,1633,1400,2379,502,467,1014,159,583,324,165,60,14,267,88,2465,1227,227,650,491,167,512,626,2797,661,475,2098,169,218,1954,361,4550,901,42,1040,459,1975,445,1620,98,155,1292,260,935,196,2560,757,22673,372,575,426,241,235,135,477,904,1958,295,903,3547,14619,845,1309,658,199,712,171,4,4396,2914,389,2059,526,683,418,4621,4282,732,458,618,938,839,67,156,689,109,1049,70,638,515,534,1978,1337,7997,789,591,342,1451,898,543,831,482,11,480,828,1263,115,346,1007,405,487,118,656,2616,166,3048,652,2204,563,408,429,6228,368,742,532,285,562,191,354,158,1944,53,688,569,479,603,774,989,2132,1085,747
3,6,QmavKGgeRBhsd4Hj9fc7tGFF61hz1s17CaJhiSfooJvwto,387,419,913,1930,1073,11624,1488,912,1029,7258,369,567,366,699,293,671,729,905,1141,640,664,2172,836,1550,1699,4294,1133,4619,1013,2421,642,758,2174,853,1481,535,521,962,522,2608,1018,710,590,793,1360,978,2128,674,682,1016,1024,527,965,2212,1700,415,358,1204,783,2237,1235,1427,1409,371,1115,1232,1340,883,1506,892,1815,1658,504,6763,1048,472,3181,686,859,2093,537,352,3026,582,300,5227,3262,577,697,1209,636,833,411,264,554,1667,1660,1398,630,936,727,574,545,821,876,573,1078,641,1215,1953,302,452,58,319,1185,517,538,730,827,2010,320,1223,401,617,669,296,665,584,1730,855,4452,1111,908,210,1079,1633,278,2320,1130,326,311,820,882,219,894,576,588,1716,304,499,1100,2230,2136,466,1544,1931,1053,941,1911,373,1146,1217,561,1334,634,885,911,488,1616,2831,778,802,457,578,1252,835,708,1148,539,21951,695,4718,375,1186,896,1201,388,177,948,303,434,741,155,625,775,1076,349,991,2158,440,91,464,1069,1160,952,594,655,984,1139,589,13947,771,649,866,529,536,402,29,1011,616,22628,1117
3,7,12D3KooWG4WrSobRFHEjbEtw9uZYY68B1Jq9LRjgAwi3DubRv39k,1971,733,90,714,711,156,376,201,1009,384,292,167,1765,1345,571,14,436,990,761,121,41,1142,920,379,1629,179,1043,48,7789,731,610,357,907,386,1534,2250,1178,321,218,976,845,2204,1460,1143,723,168,2566,1211,1059,35,1127,474,1255,2354,1259,38,1606,416,857,178,1555,1174,1425,1495,1153,1781,1098,165,364,265,832,385,1214,211,266,1164,776,1181,69,773,1604,15073,3656,579,929,4934,685,542,270,1835,779,540,1575,2268,1206,858,810,975,719,1094,1494,1878,864,2338,528,851,2337,906,1017,22327,84,703,481,1261,1636,606,348,2062,1035,737,398,378,8591,843,2101,21,1569,1885,195,141,953,3342,1263,1062,716,1101,1068,1151,963,53,2952,806,313,880,909,267,2641,1190,347,443,1132,12747,960,1117,1210,5448,2059,663,1892,491,2138,1198,748,1441,1183,728,336,1386,647,355,1134,405,1309,435,2215,12581,615,359,565,1512,769,739,1144,137,1192,1303,1786,1772,81,1026,927,308,9542,172,331,1129,469,63,1703,1037,2459,374,1097,1150,2248,950,1056,1221,420,586,943,505,1154,2218,717,900,1574
3,9,12D3KooWNynKc1wVGWziVinFVfsj3pYqNvV1cwonrX5A5UNgetzz,1084,4571,1147,1314,811,887,4067,2667,1426,974,322,959,1213,1099,115,1387,1237,99,228,1000,1573,2092,1045,4128,394,298,240,1233,850,1060,1368,581,216,1591,585,1683,1180,254,339,2946,993,1348,460,792,308,2539,607,1025,146,1883,1734,693,847,683,1827,1751,1960,1218,1176,552,110,756,2234,205,461,940,2420,755,1914,190,1074,518,1576,2104,1709,533,37,515,225,1405,750,1579,1394,1199,987,637,427,306,3268,1297,191,3027,1234,1619,156,1095,1121,973,892,1138,2615,1422,1594,1479,286,393,759,1475,1987,1231,1158,28,2659,587,135,1156,1020,392,13426,1091,1313,1347,1226,1081,851,370,677,608,1131,2576,102,1859,1578,2124,3723,1179,2317,920,685,3756,1272,1311,22760,1536,929,1117,704,1125,1046,2134,1822,15,2019,1626,1049,982,765,611,841,541,161,721,944,1305,556,4831,1030,2544,3417,957,395,400,1089,1168,5034,2438,2274,906,864,2690,1038,1509,1798,950,2658,633,602,2703,1482,830,988,69,2379,834,414,328,716,597,875,2549,1614,61,1421,6,648,872,881,122,1476,1194,548,922,25
3,10,QmTJpSbvgoBtRLv1rKvA24dRw7eG8h6k5BYH3qhJp7wFwe,763,1875,766,878,15009,1890,1906,1720,901,1187,2036,814,997,822,1044,1109,1649,2960,1058,1405,1415,3001,981,2259,1593,2131,970,1615,2912,1492,812,1968,1248,1507,888,842,96,2944,1670,3061,716,1241,1661,3021,3184,1964,641,1700,932,1341,799,177,2490,1743,2076,1721,701,145,667,1397,1108,801,1448,818,1382,3059,22016,1418,971,715,1456,863,1735,1847,785,1118,1816,787,1279,1771,1541,2983,1391,1490,3189,786,1052,1517,1868,1036,1119,1350,16981,1155,1316,1976,1260,1580,1674,1269,702,877,1753,620,1761,2251,1041,1301,167,1834,950,800,2739,967,5,1416,968,1955,1290,2145,1066,1417,1406,869,2281,1483,1285,844,977,1396,1245,705,1478,34,1277,939,1302,1599,1513,1829,1393,1437,1434,917,819,1540,1351,1842,2344,1162,870,884,1352,347,1510,1687,931,1353,1672,809,1975,998,1823,752,1072,1170,1389,1957,13,1211,1640,1087,1271,2266,473,2135,1240,1610,928,2511,1586,2147,1552,2935,854,797,972,1089,3077,1485,1310,1471,684,1617,2909,741,1843,3039,1504,1662,760,5243,772,1607,1543,1332,1003,744,1858,1031,1824,1830
3,11,12D3KooWFRsQTKQ7DCbUAyuuZmPnC1yM2PFWE6PtcnhNcfcq4vzv,1041,2752,1656,1098,2580,1569,1570,3163,2722,2500,2008,52,140,463,3224,2647,3183,1871,851,444,456,2195,156,944,1457,3003,1502,570,1056,3125,994,1951,1515,719,1263,2199,2252,433,59,161,3270,2415,524,2674,739,1522,1698,558,1080,42,1788,9542,1635,179,1257,1914,191,1450,2822,2344,1447,2396,35,3044,439,97,1793,2555,2108,3991,6332,3387,2178,1806,1538,328,87,1577,22879,2101,459,2676,1383,129,1472,2179,2461,3012,1978,2100,2265,243,1881,3042,47,797,834,2799,1528,3979,1851,824,2114,1678,167,242,1250,1400,1477,571,2021,447,1557,1061,1987,2277,2140,2013,245,2436,2061,2686,240,791,437,3990,1711,41,2016,531,2434,1799,2403,163,271,612,509,3013,2058,1895,3108,2364,2161,427,1216,2898,1153,2945,1668,3094,2264,1770,988,1475,3132,321,4066,1154,273,3772,2766,1700,1704,2876,752,2381,5,5918,2702,1598,1469,1559,4091,4085,1768,656,1530,1511,1501,2435,275,355,62,1745,105,1150,742,2243,1609,673,1142,1893,331,18,1455,1211,213,768,2014,2848,312,1744,486,2053,172,2074,2406,1663,308,166,476,70,2604,350,356,1675
4,1,QmbLHAnMoJPWSCR5Zhtx6BHJX9KiKNN6tpvbUcqanj75Nb,168,79,4,27,2392,8142,1161,1760,183,23180,24,160,2492,35,17,1175,450,63,1195,45,81,37,1263,80,109,1116,42,28,38,311,994,3,570,66,65,1124,1627,1034,116,3265,55,263,2204,422,97,935,23,1120,26,2344,222,449,1067,7,89,11,130,191,36,465,346,227,676,2098,90,13,875,1628,385,102,214,23177,337,274,1151,14,9542,980,256,10,40,448,62,20,4621,484,22,1408,405,367,239,723,324,167,127,176,9758,380,1050,49,365,338,5,93,32,128,243,914,473,144,432,8,1656,329,6,172,19,1152,2155,267,29,1631,345,16,922,48,933,514,1657,1869,15,916,1169,651,163,279,2396,1494,52,71,4949,1203,1188,103,177,196,75,1049,73,516,4354,18,74,57,409,768,301,903,12,427,469,98,88,70,25,312,69,2,2526,21,238,46,143,47,266,56,1383,76,199,72,485,4304,1275,2465,96,396,313,259,1265,426,84,67,515,416,1075,41,423,39,31,716,43,53,33,9,68,355,119,1700,287,1844,1006,254,145,132,2410
4,2,12D3KooWQg7n2JBwojG4opPk2UceyUW4bqRQpFVBtbKWEjSxUF5r,97,284,1257,2099,153,51,321,451,276,865,290,325,385,2176,119,1653,486,691,2344,58,91,106,99,172,13636,54,249,117,137,489,83,90,612,456,716,1104,1059,212,679,30,3197,289,4129,1365,698,88,288,476,5244,441,851,1211,1090,122,637,1442,19030,141,146,232,216,644,291,862,1242,152,337,60,389,843,162,722,3225,817,2540,455,2098,1987,82,829,272,454,195,791,1700,979,64,648,161,187,447,112,114,849,355,1259,1105,496,59,185,343,530,427,205,1357,2816,186,1799,475,34,1957,780,110,425,179,444,101,547,24,458,916,508,5087,248,251,1861,2015,1244,224,1,9542,204,286,49,1992,558,2237,4051,1335,1745,405,247,413,550,143,980,331,77,848,563,685,100,86,70,206,740,1098,614,81,988,377,4327,511,1637,788,681,1378,6103,220,189,200,218,2252,439,226,135,395,63,87,976,700,1345,85,2030,125,1959,50,201,52,1663,3001,743,327,2177,672,191,307,1588,95,105,308,61,140
4,3,12D3KooWL1bbzagZ1aNiTvqcoLPKG92wG47LCwktfvw8LkJeaGFd,71,142,1542,4513,1926,587,1258,310,654,240,1549,509,136,315,1463,1446,170,498,150,890,808,1729,22634,1774,178,764,192,1746,629,257,200,1114,2831,276,437,123,2547,3519,1731,707,886,453,151,110,154,1329,357,1956,236,1166,645,215,2265,2085,446,646,129,361,1375,337,631,619,399,2469,108,228,762,753,275,1049,317,428,202,1563,490,1039,2354,746,334,942,164,1809,134,492,1797,22324,180,897,2128,2271,64,94,116,463,605,669,1684,794,281,149,230,525,734,494,351,1321,252,643,193,440,115,209,524,341,262,282,412,6754,2321,244,323,363,2438,44,725,11298,173,126,471,662,1006,599,131,268,208,1831,5233,253,119,283,237,1480,1924,1376,175,623,147,107,157,297,191,407,505,404,223,391,133,104,231,221,2103,234,666,468,1196,314,1852,305,245,2855,613,138,718,1439,657,1122,330,961,497,250,1933,2771,124,621,873,280,382,120,113,994,1656,332,1066,544,557,406,1484,194,1903,217,22650,546,1088,23181,736,1669,127,335,3756,316,442,277,182,4587,1767
4,4,12D3KooWK8WRcGPWDWBEWMG8ZH4ssqHFF53e6bL9TgM97j4FjyWL,2952,1244,552,11005,1066,3122,677,2625,6211,18481,1765,1301,64,670,2580,185,1117,6032,2655,3759,1960,909,2218,2915,8675,1326,10538,523,2146,1214,430,1819,300,2795,506,258,168,425,12119,11542,2016,503,374,6148,3279,9397,519,733,988,140,3178,3496,139,624,21229,880,116,5499,1958,287,378,11378,36,5632,462,9933,1597,1043,2344,1497,103,3368,1019,17,848,1642,647,2585,3625,8347,2559,7235,929,13567,1547,9999,17029,299,5998,8011,1062,1486,565,2624,1261,2648,964,8505,11914,1345,198,2927,5404,1211,540,713,12,2078,1163,229,4680,85,60,3045,3777,247,1775,6021,1298,700,12589,2600,726,6998,317,943,2211,484,990,2465,1400,1941,256,24,1609,6398,4184,9293,2832,14,2207,3501,10104,1259,3027,436,13445,5,2447,109,935,867,1546,1792,118,13312,18042,692,838,11445,360,1833,6470,1675,1401,1946,381,6424,355,1799,1441,2108,790,1803,837,346,14076,199,1534,324,19,2526,3534,1987,2670,551,15381,10365,8910,9370,2641,6611,6034,857,862,331,5697,1604,2566,1769,8014,470,6340,184,501,11849,7022,627,722,1014,183,350,554,2486,5462,270,273,1167,9253
4,5,12D3KooWFExp2DmZcS2y5qDXftimt9hZmoCAmBhjMp1PDbxry51F,491,737,1040,356,732,418,3971,67,500,429,70,562,661,515,7997,4621,482,603,361,158,532,899,167,828,1085,553,1309,372,935,153,742,779,165,1975,458,227,2239,626,191,845,1992,1049,1869,285,502,1153,569,636,901,166,171,1954,1903,353,839,4550,938,638,2289,118,135,2914,559,426,218,580,475,2061,2465,1014,526,592,164,937,481,903,487,2204,1620,14,241,383,904,408,3048,706,7807,663,1633,2098,14619,1978,6228,199,435,495,449,324,109,543,474,196,477,295,479,757,3268,563,618,287,898,1263,381,271,789,445,148,88,1400,3799,467,155,591,656,11,803,342,98,22,470,421,689,459,22673,1120,42,60,652,2132,989,583,712,534,14064,568,1291,480,267,156,181,2536,747,169,368,528,520,1007,354,774,658,2379,424,512,1257,1605,213,1182,1337,478,767,871,572,531,269,683,235,346,38,2560,1150,33,389,3547,318,831,2797,159,2616,1888,405,4396,688,575,4282,1227,260,1451,53,694,351,926,2059,115,4,2030,722,713,309
4,6,QmavKGgeRBhsd4Hj9fc7tGFF61hz1s17CaJhiSfooJvwto,669,820,1953,1223,23196,1409,1667,905,91,352,2158,527,2421,636,911,617,577,373,584,319,5227,219,1133,741,1141,210,965,1427,1018,388,1073,415,1111,1235,882,457,1048,866,1699,464,2174,710,2320,529,303,1360,155,1146,1139,535,1117,4294,892,1550,2136,1481,2230,1252,452,1217,366,293,578,4718,22628,641,326,401,708,29,758,686,539,2172,358,894,1334,730,554,859,576,699,1209,589,821,634,472,827,521,177,488,630,1215,1115,1185,883,835,4452,642,1013,674,655,936,302,588,908,2010,2831,300,304,771,1716,836,369,1053,21951,1232,538,264,793,671,573,561,1079,1658,941,876,2237,6763,1016,1730,1078,411,1815,582,1616,1506,1633,320,574,978,727,1398,1076,640,1148,2212,1930,649,664,778,434,853,665,594,885,296,625,1488,522,962,349,1204,896,371,590,2128,278,783,913,1130,775,948,1931,2181,3026,4619,402,1186,1201,419,1024,545,3262,1911,1700,2608,466,311,695,952,1069,991,499,802,616,697,1100,537,1011,387,912,536,1660,1160,833,729,1029,855,1544,6946,504,440,375,567,58,1340,682
4,7,12D3KooWG4WrSobRFHEjbEtw9uZYY68B1Jq9LRjgAwi3DubRv39k,714,12581,23348,975,156,1129,1460,379,84,761,265,469,1101,336,843,1097,1153,2138,1255,481,1143,769,416,405,384,8591,1512,907,178,2250,565,331,266,610,18229,943,1261,1534,1198,121,378,579,1181,1190,267,1885,1068,1309,1636,9542,348,647,1183,308,810,1154,364,1098,1606,1765,773,1574,1892,703,347,929,435,270,398,845,906,571,864,723,137,851,733,443,776,1026,728,1425,41,900,1062,1781,1037,313,218,1164,716,1151,1263,355,374,1441,953,81,779,880,990,1286,21,386,606,685,711,5448,2215,1142,1555,211,165,1017,53,1494,737,385,1629,63,14,357,1174,950,420,1056,4934,1211,141,48,1178,858,739,1345,2459,963,2062,2337,321,1386,586,2248,717,542,920,195,201,806,1094,1454,2059,615,1043,1127,1009,1575,376,2268,528,2338,731,2952,168,1144,1210,167,1604,35,179,38,2641,1192,3656,1035,1259,927,976,909,474,2566,1569,1495,23223,832,719,2204,540,90,172,2218,1835,359,857,1221,960,1703,491,7789,1206,2101,1971,1117,663,1878,505,436,1132,1134,2354,292,3342,1214,1059,748,1303,69,1150
4,9,12D3KooWNynKc1wVGWziVinFVfsj3pYqNvV1cwonrX5A5UNgetzz,2690,1081,973,1117,427,2274,1387,611,811,4571,1213,2092,1573,1578,875,2703,22760,1218,1233,37,515,548,1168,602,830,1084,2019,887,881,1237,922,755,8810,2134,1234,1827,1020,1960,1199,2539,2576,191,1025,1591,1311,1422,1987,597,1000,683,1089,1297,15,607,1314,993,2659,716,533,1709,286,1060,982,587,393,851,1272,1576,2104,1231,190,685,135,1049,721,1822,3268,99,2317,1095,1045,581,1475,400,102,1179,414,1394,987,1305,2234,4067,633,1091,4128,1147,850,957,1798,1683,1156,370,1347,637,1426,4831,2379,1614,834,1138,1226,146,1579,1479,1883,5034,225,1125,929,2946,13426,648,1131,608,122,328,2420,1121,110,988,765,1619,704,693,541,759,1313,841,2667,1421,2549,1914,1476,306,205,298,339,1158,944,460,1046,2544,1751,2658,1074,240,308,28,750,254,792,322,1509,25,1536,552,1194,518,1405,395,872,228,156,950,2124,1368,216,3417,1594,1348,6,920,585,69,1099,161,847,394,3027,61,864,756,2438,1030,959,906,1859,892,1038,3756,974,392,1176,1626,461,556,1482,1180,1734,940,677,115
4,10,QmTJpSbvgoBtRLv1rKvA24dRw7eG8h6k5BYH3qhJp7wFwe,1504,1517,2036,932,1858,1389,1248,3039,1543,901,1353,1721,1052,22615,167,1155,1829,2251,2739,786,2259,1417,1492,2960,1241,1437,17815,684,1415,1955,1170,1405,1341,1471,1382,1350,878,1843,1109,1586,939,3001,888,3059,1593,1823,22016,1162,2344,1108,19551,1448,1332,1976,96,5,2135,844,3061,1391,3077,1036,950,2490,1513,3011,1975,772,1834,3189,1617,1735,1847,1260,1552,744,1211,1031,1301,1580,752,620,1662,1830,1271,787,1072,1089,1187,13,877,763,1875,1118,1610,1416,970,145,473,1640,1279,1285,884,1615,1720,1507,715,1418,1510,1352,2511,347,1490,741,1302,1058,1240,701,1599,1485,1816,1906,5243,1483,1687,1607,1456,2266,818,1957,801,1044,2147,1245,2912,854,928,766,998,1066,34,1003,641,2935,3021,1541,997,814,1674,2983,968,1824,1478,1087,716,1771,760,917,1968,2131,977,177,2909,1700,1661,863,2281,1649,1753,819,1393,1351,705,812,800,1041,1269,971,702,1670,972,797,809,1397,967,931,1290,667,2076,981,1761,1540,799,869,1316,785,1964,1119,870,1743,1890,1406,1868,1842,822,1310,1672,1277,2145,842,2944,1396,1434
4,11,12D3KooWFRsQTKQ7DCbUAyuuZmPnC1yM2PFWE6PtcnhNcfcq4vzv,2061,355,2053,356,1978,1457,2500,1609,1477,2114,2752,166,2008,4085,1851,2799,1745,463,1455,129,1211,4066,1061,1150,1383,1469,486,2074,2021,2243,2702,167,243,70,3224,444,2179,4091,2140,2381,1080,213,1668,1806,1472,2403,2722,1675,1895,994,1559,834,1788,42,1153,2013,1799,752,2101,242,719,3003,97,1663,571,9542,2848,1400,3108,1598,1216,824,2100,5,1502,275,1098,3990,2945,1538,1041,2178,105,656,944,1987,1871,437,1056,1656,1704,3094,1515,3012,612,2898,273,2396,156,509,1570,2461,1951,3270,742,2344,3163,1569,350,1528,1793,2766,3672,1450,3183,18,328,3959,2436,524,2265,439,797,427,1698,271,62,2676,3387,459,1263,5918,2415,739,3132,2252,531,988,2161,3991,2014,161,191,6332,2580,673,1914,1501,2876,245,87,2604,2108,172,1154,2822,321,1770,768,1447,2016,1768,1700,240,2647,1744,2674,47,558,456,1522,570,2277,308,2555,791,1557,140,3044,2406,1711,2058,3772,331,2195,1475,1893,447,179,312,59,2686,1250,2434,2199,2364,851,52,22028,2264,2435,163,3042,1678,1635,433,1142,1881,1257,35,1577,1511,3013,1530,41,476,3125
5,1,QmbLHAnMoJPWSCR5Zhtx6BHJX9KiKNN6tpvbUcqanj75Nb,29,10,432,267,84,385,4621,933,1494,19,1034,1657,1067,102,168,365,103,23180,346,450,2,723,239,2344,81,143,8142,116,396,80,11,176,27,20,74,109,243,47,448,88,214,1631,1275,676,570,287,35,17,196,69,26,36,1116,191,97,177,128,465,2526,1383,65,313,1124,405,119,4354,345,9542,493,130,922,145,1169,338,9758,254,24,274,301,426,28,56,23727,40,903,329,380,6,768,1656,76,42,1075,160,1627,89,1263,199,98,423,2098,32,875,1049,238,263,22,93,43,1760,266,183,132,367,337,355,227,127,2155,980,1628,21,172,1175,312,256,469,37,39,1006,41,167,416,16,516,1120,222,13,72,1050,5,53,2465,2204,1869,163,4304,651,1152,70,2410,259,1844,144,14,62,1188,33,7,1203,57,514,48,935,3,73,25,23,8,18,46,484,66,473,515,45,12,1195,1161,324,68,1700,63,279,2392,916,38,311,449,55,2492,427,79,409,4,422,31,71,994,1151,75,96,4949,3265,9,52,1408,90,67,15,716,2396,914,49
5,2,12D3KooWQg7n2JBwojG4opPk2UceyUW4bqRQpFVBtbKWEjSxUF5r,140,1663,395,119,59,290,2252,187,1959,788,82,248,563,284,2098,791,249,141,988,385,247,456,486,204,740,849,691,1992,722,454,276,511,614,980,5087,4129,716,1211,220,817,232,685,405,2030,1700,637,530,2176,6103,377,90,1957,865,447,843,218,1104,30,389,112,648,224,60,550,444,251,117,2177,644,1244,700,152,179,86,9542,979,83,1378,508,61,4327,1799,2816,216,1861,272,97,3197,1987,5244,34,1105,698,162,3225,185,1242,172,161,4051,2099,189,976,672,23769,337,327,49,137,558,105,439,2015,212,441,288,291,848,307,496,99,146,343,289,195,1365,308,135,1442,201,51,58,1259,24,1257,681,612,413,862,2540,191,70,3001,125,425,88,458,106,205,50,489,226,679,780,2237,95,851,321,1745,122,829,476,87,81,52,1637,455,63,355,206,143,1098,1345,85,91,427,13636,916,1357,1653,475,101,110,64,547,114,54,743,77,19030,1090,325,331,200,286,451,2344,1059,1,153,1588,186,100
5,3,12D3KooWL1bbzagZ1aNiTvqcoLPKG92wG47LCwktfvw8LkJeaGFd,217,257,330,317,707,490,1852,282,762,314,657,662,631,794,1329,471,2469,599,138,1797,107,1066,280,281,119,127,208,1006,44,230,316,253,337,646,440,1480,613,323,629,2128,544,310,297,428,725,129,149,391,22324,1933,2831,22650,131,1746,1376,1956,897,808,4587,335,126,252,245,200,334,1903,357,231,666,11298,154,341,1774,4513,764,1924,605,587,734,669,23785,505,437,182,1039,1439,2855,268,621,442,746,115,654,2103,237,1463,250,406,1926,1669,509,202,1563,134,276,133,234,332,753,262,240,494,446,113,178,407,942,1542,191,71,275,2085,961,305,351,315,23181,619,1831,2271,116,557,525,223,2547,718,643,1122,1484,94,236,173,453,1114,283,546,886,3756,277,2265,468,399,175,194,404,873,64,498,120,1729,412,192,1684,157,1088,147,1767,5233,244,2321,2354,1731,2771,104,164,3519,78,492,1809,180,623,108,123,1166,193,736,110,22634,2438,151,363,215,221,890,463,228,1258,1375,1049,136,1656,1196,124,382,645,209,150,170,497,361,994,1549,6754,524,142,1321
5,4,12D3KooWK8WRcGPWDWBEWMG8ZH4ssqHFF53e6bL9TgM97j4FjyWL,565,11849,523,17029,3625,627,6424,2526,670,185,3496,13312,1261,1769,11445,2625,6782,2585,350,9253,4441,11542,2624,1345,624,2795,18481,668,378,1167,3045,1946,5697,140,1019,551,355,6211,990,13445,1833,7196,299,2447,1792,324,229,2641,184,2207,8910,1441,552,19,360,880,1642,60,317,837,430,36,1066,2016,24,862,5462,2670,904,331,8505,2832,988,1604,273,3122,1546,1799,6021,1259,1401,503,139,713,1117,425,935,183,867,1400,838,2915,374,9397,647,10538,554,10104,381,1803,3027,943,7235,857,1497,5404,8014,1062,12119,3501,470,346,11914,1301,8347,964,247,109,3534,4680,848,5998,1819,258,1211,3279,9933,2648,3178,1547,1765,168,1597,256,116,929,2486,85,12589,1014,462,677,2218,2559,436,2655,2927,198,6148,2952,540,4184,1960,2146,12,23747,103,3759,7022,1775,14,17,199,1534,13567,3368,6034,700,6032,484,2566,9999,2211,501,9370,118,692,506,1298,6998,1163,2465,5632,5499,64,22218,6398,1244,10365,3777,18042,2344,722,1675,2580,2600,1326,9293,6611,6470,8011,726,11378,2108,287,1486,733,909,2078,8675,270,1987,1609,14076,300,6340,5,519,1043,1214,1941
5,5,12D3KooWFExp2DmZcS2y5qDXftimt9hZmoCAmBhjMp1PDbxry51F,260,470,757,663,191,481,839,1620,269,482,135,2289,495,487,1337,2239,638,2536,164,3799,603,528,14,512,2030,722,324,2465,166,429,626,713,2797,3268,689,477,938,652,181,6228,618,421,1309,1014,580,405,937,1605,899,389,636,712,351,2914,732,2132,67,563,871,218,789,532,1888,88,688,353,354,2379,158,480,1227,898,1291,1150,803,11,935,1451,779,1007,118,156,661,502,592,155,445,526,267,435,737,1263,22,227,553,153,742,1954,196,42,148,1633,70,98,559,467,478,3971,1153,287,165,4,2098,7807,1903,372,901,14064,171,381,572,346,1085,520,568,213,1400,458,1040,1869,318,285,4282,583,989,53,1120,4621,241,543,159,309,2061,7997,831,368,2059,903,656,109,115,60,1975,591,926,474,767,1992,475,569,534,515,904,22673,383,408,235,658,4550,2616,562,2560,459,361,3547,774,33,271,426,449,418,575,828,747,1978,4396,500,3048,424,531,356,199,342,1257,14619,167,479,38,1049,295,169,845,2204,1182,491,694,706,683
5,6,QmavKGgeRBhsd4Hj9fc7tGFF61hz1s17CaJhiSfooJvwto,373,210,375,2181,1730,369,866,371,664,538,827,584,669,554,1100,1024,1160,472,911,296,573,1111,833,758,466,835,1700,574,401,905,1130,577,883,23196,775,1334,567,1716,641,1658,1201,358,962,561,855,1667,588,311,952,411,2230,488,1186,303,1223,2320,349,2831,21951,1029,58,457,820,419,1076,642,527,264,730,674,300,1252,1953,634,536,589,710,2172,1073,941,617,699,630,219,2174,821,4294,727,665,1185,882,671,1488,387,1481,155,625,366,302,499,1204,793,1133,1115,1209,4452,965,1013,695,783,537,1506,741,545,616,1360,6763,91,522,1930,576,319,655,1660,697,912,1215,802,2158,440,892,29,13774,1544,402,1550,1340,978,1427,1148,1078,1217,2608,326,1069,352,771,4718,578,885,1011,2010,539,649,778,1117,434,452,708,388,836,1048,1146,948,13249,3026,1409,729,535,504,2237,22628,517,415,5227,1079,2136,682,636,1911,320,3181,913,4619,1235,1699,304,2421,1633,640,1931,582,2212,12159,6946,293,3262,521,859,991,853,1016,1815,594,464,894,1139,529,876,590,1018,278,896,1141,2128,177,686,1053,1616,1232
5,7,12D3KooWG4WrSobRFHEjbEtw9uZYY68B1Jq9LRjgAwi3DubRv39k,1178,9542,723,806,1154,579,1206,5448,1494,1425,63,1221,540,943,571,167,265,1569,2101,416,1878,737,880,436,1781,728,1604,719,379,845,121,23792,23348,2338,165,716,420,3656,920,647,1259,711,1460,1263,714,23749,1286,211,435,2138,2218,1097,1132,331,1512,1142,2337,1495,1345,976,748,1062,21,2248,1144,927,1441,359,308,1098,2204,773,907,761,405,615,1094,900,1009,1606,270,2354,2641,385,528,1037,1703,1059,41,843,1153,1211,321,376,1885,1056,1575,362,733,1534,178,1043,195,950,1386,565,374,347,69,53,1454,1261,1835,474,7789,348,355,542,48,201,81,491,443,663,953,384,776,929,35,1190,313,1636,703,8591,909,990,1134,481,1892,1574,864,3342,1629,1183,2459,606,364,505,1151,2059,1164,975,739,386,851,336,731,156,769,857,4934,1101,14,266,378,1035,1068,2952,2062,610,267,1255,292,141,84,858,1127,906,398,810,2566,1210,717,1143,1214,218,12581,1971,38,1026,1117,168,1198,2250,586,1017,960,137,2268,1129,1765,1192,22327,832,1303,1181,357,1309,179,172,469,90,2215,779,685,1174,1150
5,9,12D3KooWNynKc1wVGWziVinFVfsj3pYqNvV1cwonrX5A5UNgetzz,987,370,587,1426,2576,608,1368,4571,1099,2544,1536,191,2134,1579,830,1218,1683,957,811,254,28,515,1147,940,1237,792,328,1422,161,1479,721,190,1578,633,156,1156,392,1960,2234,2539,834,460,982,1619,1822,533,6,922,1074,1313,1060,906,1347,1194,1405,944,3417,1038,427,1046,225,135,1591,585,541,677,1476,122,759,2019,693,1626,518,2690,8810,851,716,394,1987,2658,556,216,339,648,950,988,1226,750,1089,685,1045,1233,2420,4128,3756,23771,110,1158,872,400,864,308,929,395,1176,683,1482,286,3027,993,1179,414,25,5034,611,146,102,1231,1914,1594,1117,1084,1180,847,1030,2438,69,1131,99,1614,887,4067,1049,841,2274,1305,920,2317,1573,1091,1125,875,892,1025,607,1297,959,1121,756,1883,2946,306,1709,1199,1314,322,240,2124,2659,2092,4831,15,393,1168,1859,581,1509,704,1751,850,974,1213,115,1234,2379,1475,2703,1421,881,3268,755,1138,1095,597,1000,973,602,1394,552,1081,61,2104,1734,298,205,1827,1311,765,461,2667,1348,22760,37,1020,2549,1387,637,1272,1576,548,228,1798
5,10,QmTJpSbvgoBtRLv1rKvA24dRw7eG8h6k5BYH3qhJp7wFwe,972,3011,766,1610,870,3394,1003,473,1418,667,1586,1617,1396,1456,1670,1187,763,1260,818,2145,1162,1211,2983,716,1310,1662,1834,2131,2960,842,970,1240,981,812,752,1415,15009,1599,1089,5,1906,854,2344,2259,1391,1269,1829,5243,347,1290,2912,1955,799,932,1875,917,1847,787,1543,1350,1975,2944,1416,928,1830,1964,1735,1672,877,786,167,1072,1302,2135,2251,1031,705,1087,744,1687,1842,2147,1868,1485,1615,741,998,1471,1640,1279,822,3039,1492,3021,2281,22615,1771,1417,1119,884,1109,1397,1248,684,1649,1406,1044,1661,1507,1700,971,1341,1753,809,844,1552,3001,1382,1285,1580,1351,2739,1541,878,950,1437,801,1510,1858,772,1332,1720,819,968,931,2036,3059,3061,1389,977,1743,1241,145,1823,901,3189,1353,1816,967,2266,19551,22016,1405,1393,888,1245,701,1434,863,715,814,1607,1108,1721,1968,1478,1271,1824,1540,1890,1036,1504,1052,1170,869,1674,1277,1513,2909,702,1976,1593,1066,2511,1316,1058,1118,939,997,760,1490,1155,1843,785,2076,620,177,1761,2490,797,1483,641,3077,1352,800,34,1041,1957,2935,1517,13,1448,96
5,11,12D3KooWFRsQTKQ7DCbUAyuuZmPnC1yM2PFWE6PtcnhNcfcq4vzv,4066,427,1609,2140,1678,42,35,1469,752,2344,356,1257,3959,1557,240,2396,1871,1472,439,656,2195,1041,1250,2013,2435,1744,328,3012,1098,1895,1570,1704,2101,570,476,1559,2898,1530,1663,2674,2766,834,1263,994,2822,1675,242,1216,444,851,245,1142,1080,2053,612,1511,271,1656,2722,558,2161,3183,1914,3163,1799,1793,2799,2500,2252,1528,988,791,2876,3387,355,1455,3013,273,437,3772,70,1150,4091,1400,331,571,1447,2403,2686,163,2021,2434,1711,179,2647,1635,509,1598,719,97,2016,1522,1745,1569,41,166,161,1477,167,59,2014,172,1475,47,2199,531,2061,1768,2945,1978,3042,1893,1450,459,156,2264,433,2555,2008,2702,673,5,2179,2108,2848,2277,1851,463,3672,2461,1061,1987,3132,2436,3094,213,2100,129,824,447,5996,3991,1700,1770,944,1788,2364,486,3270,1806,275,87,243,2114,742,22028,3224,1515,9542,1881,312,1538,191,2265,350,308,2243,768,1211,797,1457,1056,739,1577,2406,2580,4085,2676,1154,2058,1383,52,1698,18,105,1502,3990,1501,2178,3125,2381,6332,3044,2752,3003,62,1153,321,1668,2415,524,2074,140,2604,3108,1951,456
6,1,QmbLHAnMoJPWSCR5Zhtx6BHJX9KiKNN6tpvbUcqanj75Nb,345,52,18,1006,144,279,324,11,199,2204,65,1700,109,994,93,196,17,3,24,214,6,484,365,676,48,263,2,1049,2492,97,2392,367,33,66,313,80,62,19,74,55,160,396,385,1124,13,25,2396,2155,432,448,1275,4621,346,45,2410,922,254,312,98,40,1050,56,14,256,22,1203,409,70,4949,1175,1161,26,167,41,67,1869,329,514,875,1656,10,768,380,145,1067,46,1408,933,96,449,21,88,4,311,5,172,116,1152,239,32,31,102,27,53,916,935,76,1627,1494,163,238,2098,405,84,29,103,191,71,37,23,143,35,980,168,1844,1075,2465,473,63,337,12,72,57,266,1383,416,2526,1116,90,1195,493,426,423,43,127,1188,570,287,9542,68,9758,338,2344,69,1657,469,723,651,130,49,81,119,903,1151,427,132,422,79,8,1120,4354,274,7,301,515,1760,89,128,1169,38,4304,1631,465,15,516,183,355,20,243,914,1263,227,9,177,24306,222,3265,42,716,1034,176,73,47,36,16,28,39,1628,23180,259,75,450,267
6,2,12D3KooWQg7n2JBwojG4opPk2UceyUW4bqRQpFVBtbKWEjSxUF5r,849,24294,64,454,458,185,612,152,425,791,2176,843,2252,2540,272,1588,51,1059,1259,508,788,60,979,218,5244,691,146,248,30,685,50,848,1799,114,135,34,81,1257,865,337,85,52,980,530,740,110,916,563,137,439,377,1244,355,58,161,1,2015,1242,4129,140,2030,1957,1987,988,204,1105,698,405,88,4051,3197,1357,49,558,829,476,226,99,327,206,101,456,195,19030,862,455,220,413,447,681,95,90,205,54,276,331,637,63,496,2237,343,385,201,284,4327,61,13636,125,216,395,1700,321,1745,325,106,2098,24,3001,212,389,817,97,716,105,307,290,743,9542,1211,1861,251,1663,1365,83,179,1378,224,91,1345,851,427,511,5087,6103,679,200,117,451,644,1653,486,82,780,1098,86,648,187,489,976,2624,162,186,700,2816,291,247,77,614,288,143,1992,87,119,1959,444,2099,172,112,1637,3225,189,59,1442,2344,141,475,153,672,2177,722,24295,1090,232,191,550,122,308,249,547,1104,100,286,289,70
6,3,12D3KooWL1bbzagZ1aNiTvqcoLPKG92wG47LCwktfvw8LkJeaGFd,231,492,24314,1006,149,151,662,315,280,142,316,666,2321,1542,257,437,200,587,217,1563,330,428,4587,524,202,2103,221,178,404,382,1669,498,1926,2771,115,1731,1463,282,1809,794,253,1088,746,412,1774,440,631,654,494,22650,406,1114,605,2438,252,126,335,1329,471,2271,64,1746,2085,23785,108,1122,2831,490,1484,669,736,240,391,1797,3756,154,191,22324,237,1956,215,442,1656,764,244,138,725,468,497,234,180,194,453,546,127,361,134,1480,557,11298,5233,1166,104,120,399,113,116,44,317,1049,463,136,193,275,707,1196,4513,228,283,334,599,718,886,119,310,1549,281,107,129,734,1375,268,1924,133,1933,629,363,71,873,1376,170,147,621,1767,250,297,961,2128,182,446,245,657,1039,1729,173,340,1258,123,645,23179,94,314,1439,175,1852,1321,525,305,341,1066,351,505,192,2547,157,323,2265,509,223,208,110,2354,78,236,1903,942,407,619,1831,994,613,3519,124,762,262,623,209,131,897,2855,753,544,890,150,643,6754,808,337,276,24056,230,277,2469,1684,357,164,332
6,4,12D3KooWK8WRcGPWDWBEWMG8ZH4ssqHFF53e6bL9TgM97j4FjyWL,256,1486,5697,540,425,10104,2016,1597,18042,1833,1609,6470,9253,3534,2625,6021,14076,3045,1043,9293,381,5404,1987,2566,13312,880,1066,3122,355,6611,12119,2915,317,1345,2559,523,1400,1799,503,2585,9933,22218,2078,12,1792,904,484,1163,700,964,677,838,331,2465,2655,300,3501,1301,857,36,3368,1062,11542,943,554,3777,670,4680,6340,1261,24,2108,1946,139,1534,5,85,258,2447,60,118,2207,11378,8014,726,1211,9999,3279,374,4184,116,2641,2218,1259,13445,247,6782,1769,11849,4129,168,266,103,1675,3178,7196,1326,109,6211,9370,1167,287,6032,722,199,2624,6034,2952,19,2526,565,8505,64,2600,324,988,909,378,9397,3027,647,6148,867,185,1546,23747,1239,5632,862,462,6998,2146,990,552,935,519,3625,2211,8675,1960,13567,2580,17029,1117,346,5998,14,668,8910,1803,198,1819,5462,2648,3759,1547,1019,2927,733,18481,2670,627,360,1014,1642,1941,1497,1604,5499,1244,11914,1298,270,506,2832,2795,184,12589,273,140,1214,436,692,551,46,1765,10365,470,183,6424,17,1401,2486,837,10538,11445,7235,1441,299,2344,848,501,929,713,6398,1775,350,229,624,8011
6,5,12D3KooWFExp2DmZcS2y5qDXftimt9hZmoCAmBhjMp1PDbxry51F,1014,531,196,158,706,14064,159,342,368,656,70,1633,689,904,11,1085,60,2098,295,475,353,713,24408,1978,53,478,592,67,1903,155,3268,2379,156,636,2239,935,515,2797,153,2204,459,324,742,1257,3547,88,426,167,1620,767,354,235,408,33,477,14619,7997,429,445,3799,361,989,285,213,2061,269,603,405,435,747,4,569,1049,1975,528,318,845,526,241,98,260,722,500,532,118,638,1309,389,901,1337,4282,467,712,482,38,164,491,2059,1291,169,803,568,356,757,1227,267,553,148,421,1007,109,309,4621,1869,218,2465,618,1153,1954,652,22673,165,449,543,683,22,937,166,2914,779,688,287,694,575,474,1992,42,4396,3048,737,3971,663,2030,626,580,487,828,191,534,926,4550,418,372,562,1040,789,1120,458,6228,898,839,1150,2289,7807,831,135,732,480,383,1263,227,14,381,479,424,563,2536,2560,591,495,1888,512,171,871,481,899,351,1605,2616,199,774,1400,271,572,658,470,502,559,903,520,115,583,346,661,181,1451
6,6,QmavKGgeRBhsd4Hj9fc7tGFF61hz1s17CaJhiSfooJvwto,758,1953,296,1409,965,892,594,913,1204,978,1133,371,710,573,835,1360,369,1048,775,1011,866,4294,466,387,219,440,517,13774,941,177,1232,1667,686,664,1481,697,472,674,883,783,578,729,29,419,303,577,1111,642,545,630,1334,665,1160,655,853,1660,529,1016,1815,1544,952,1146,522,349,589,1209,820,3026,300,373,58,582,1930,1148,682,1616,293,885,1340,836,13249,4452,859,1076,1488,2608,741,1716,2158,1018,22628,1215,1427,499,778,991,1069,366,699,91,1550,882,2172,537,1252,821,12159,827,588,833,1223,1911,669,1029,326,415,539,411,1013,1185,771,1141,2128,567,388,590,1073,554,1730,21951,402,962,155,617,352,1931,1699,948,894,574,1506,2174,311,1078,1053,1139,1633,457,264,5227,1079,2237,538,730,1700,671,320,488,358,896,636,4718,304,278,535,302,616,1217,521,727,2093,2212,1024,912,576,876,2136,584,2831,375,625,434,4619,561,210,1130,401,1186,1201,319,2181,1100,905,1115,6946,793,640,2320,855,452,536,649,708,802,504,2421,6763,3262,1235,634,2010,464,1117,1658,4357,695,641
6,7,12D3KooWG4WrSobRFHEjbEtw9uZYY68B1Jq9LRjgAwi3DubRv39k,606,832,211,565,1345,1263,8591,761,776,38,23792,266,907,728,443,1259,1068,2204,1575,1604,481,810,321,384,1153,167,1190,165,1629,663,267,1971,398,976,857,1181,1178,1221,35,179,178,348,84,396,647,364,714,1606,156,2952,436,172,2354,1143,906,1303,1043,1094,851,168,379,1534,308,265,909,313,469,141,195,4934,1495,2215,610,703,347,5448,374,1037,717,1386,48,731,8983,943,357,1309,858,331,1878,270,2338,2641,990,41,1206,1129,1164,2138,748,773,2218,1636,1183,218,586,1781,1101,1098,420,880,843,1174,1097,927,542,53,1255,1441,2337,14,1026,9542,376,719,21,1512,1211,1885,733,1210,201,864,1134,491,806,336,3342,1142,81,2059,737,1835,1494,950,739,723,579,779,435,362,1425,1151,929,845,1117,1017,1009,69,474,1144,12581,1261,2101,571,405,716,900,1214,1569,90,2268,7789,1198,1286,385,2248,528,1062,3656,137,2459,355,2062,1056,1035,386,416,1765,378,711,23348,292,2250,1703,359,920,1892,121,1154,1460,1454,1786,1132,63,975,685,540,960,953,1150,1059,505,1574,1192,2566,769
6,9,12D3KooWNynKc1wVGWziVinFVfsj3pYqNvV1cwonrX5A5UNgetzz,2124,122,1117,974,1594,1614,156,1091,306,370,1046,6,2576,392,1914,1237,1147,1536,1038,1020,581,693,944,633,987,22760,1479,1683,982,216,685,1168,1387,1822,1233,28,2659,548,957,135,190,1049,2379,850,1579,37,721,25,110,2544,1194,205,1576,2703,2690,1311,608,1180,394,1213,1591,755,1125,2234,1060,1509,2092,4571,286,4067,1573,1234,1084,988,887,461,69,1176,308,602,1827,1297,1475,1482,99,756,2104,765,161,146,1348,875,1030,1426,648,1734,607,1000,864,115,102,552,400,1226,1156,2549,2134,1099,1025,830,1368,1476,191,2317,1218,959,792,5034,1074,1305,1619,834,427,1313,240,1578,683,1131,2420,339,8810,1314,393,4831,1089,254,225,228,929,2019,993,906,611,637,950,533,322,23771,1987,872,1158,1798,556,597,1422,677,2539,15,851,847,1179,541,881,587,1121,1709,518,1138,2274,1199,841,4128,395,1859,2946,515,759,1081,2438,811,1394,1960,1751,2667,585,704,1405,940,922,3268,460,973,3756,3417,1231,298,328,1272,920,716,414,1421,1095,3027,750,892,1347,1626,61,1045
6,10,QmTJpSbvgoBtRLv1rKvA24dRw7eG8h6k5BYH3qhJp7wFwe,2983,1456,1586,1415,1513,1031,2960,1490,3394,928,2944,1406,785,809,1743,971,1955,797,1108,1890,1391,1351,641,884,917,968,2909,1241,870,1316,1975,2259,1662,1271,145,1044,1661,752,2266,1552,1285,1735,1700,1875,799,1211,1640,1389,931,819,1649,1471,1240,473,766,2036,812,888,1957,13,801,667,1302,1269,786,1245,1485,1580,822,5243,1405,1036,15009,1823,1109,1437,1397,1434,818,2147,705,1842,842,2145,96,950,1721,1162,1829,1610,177,932,901,620,1543,1615,1761,1617,3039,869,1492,1976,1868,967,22016,1672,1352,1670,702,1834,1341,741,763,1332,1507,2511,22615,972,1248,1382,716,1674,684,1964,2490,1843,1416,1118,877,977,1396,1968,167,1260,863,1279,1906,772,3021,1483,1155,1393,1448,1816,1510,2135,1310,1599,1087,1072,1350,1066,1847,2739,2935,844,854,1858,5,701,981,760,1058,1170,1277,1824,939,3061,800,347,1187,1687,1417,997,1771,878,1541,970,1418,1720,1753,1290,1052,715,1540,3059,3077,2251,1593,1041,2076,1504,2131,998,3189,1607,1353,1830,1089,2281,2344,787,3001,2912,814,34,1003,1119,1517,744,1478
6,11,12D3KooWFRsQTKQ7DCbUAyuuZmPnC1yM2PFWE6PtcnhNcfcq4vzv,558,3672,2074,456,2140,62,444,1851,2014,1216,1447,350,1475,1698,2555,739,427,1263,2061,2008,2178,3163,1987,3013,167,191,2195,3012,2013,2161,1154,1663,486,1768,1806,1522,179,59,476,1793,988,3990,1472,2848,2179,2799,1881,851,6332,3044,2436,1515,944,752,1675,3270,719,4066,3125,2101,2053,87,1598,824,2243,1530,2403,3094,1455,2100,1799,2344,994,18,161,1978,1951,2406,2058,1668,2252,2108,3224,1678,1711,2822,742,3183,70,140,356,2945,245,834,1704,2876,570,1538,1557,1559,273,243,612,2500,2364,97,1153,1770,439,1383,2396,2435,321,2264,656,129,1569,331,2766,1914,2461,1577,8551,4085,1056,41,42,3042,2647,240,156,35,2381,4091,463,2686,791,1477,1469,1893,1788,275,2277,2114,2580,1257,1098,1501,437,3772,2722,105,3387,2016,447,768,531,172,5996,355,673,797,2676,213,47,2702,2434,312,571,242,2199,1528,1570,433,1061,1895,1211,328,3991,459,2752,3959,3132,1609,2898,1744,1511,1400,524,52,1041,271,1250,3003,1142,2021,1656,1457,2604,1080,2265,2415,1502,308,1871,509,1700,2674,3108,163,166,9542,1450,1150,5,1635
7,1,QmbLHAnMoJPWSCR5Zhtx6BHJX9KiKNN6tpvbUcqanj75Nb,172,922,1383,38,514,4949,385,39,102,2344,191,515,52,570,168,1195,1075,259,484,32,2,2098,25,338,449,37,14,933,329,469,84,4621,716,177,9,79,214,103,1627,196,183,47,1628,1116,22464,723,423,15,243,127,1494,16,62,49,144,53,405,116,26,167,17,119,73,68,130,227,914,274,266,409,396,1222,337,31,2410,40,1631,367,43,1151,19,24,128,36,163,254,98,1869,90,238,35,97,311,89,313,56,23,71,1203,312,76,651,222,67,1124,301,346,88,267,57,263,768,5,93,72,345,160,2396,465,143,980,875,1844,516,1161,81,27,20,1275,380,1700,69,12,324,916,432,1067,9758,1050,1169,427,1263,55,2492,145,422,1152,2465,46,1175,1657,493,2204,45,199,9542,1408,33,1656,426,2392,239,256,1188,279,416,355,10,65,74,450,66,4,29,7,63,2155,28,1006,1034,41,109,6,473,1760,42,8,80,96,365,676,448,3,21,3265,18,176,11,70,903,22,48,287,1120,13,2526,935,994,75,24306,1049
7,2,12D3KooWQg7n2JBwojG4opPk2UceyUW4bqRQpFVBtbKWEjSxUF5r,700,2098,61,141,284,226,24294,3001,1357,224,30,648,698,220,685,86,355,451,976,1861,4129,780,276,1653,59,496,849,1259,114,291,475,135,85,88,458,511,100,152,865,722,447,179,251,87,389,637,185,1242,95,1345,110,289,195,122,1244,117,1365,644,2177,558,331,1992,439,212,988,1987,290,2237,862,172,1442,1105,2624,77,2344,186,81,2252,413,325,146,614,52,308,119,1799,1059,563,1745,286,385,218,1637,49,4327,112,327,425,916,191,851,979,106,1257,691,791,2176,489,9542,1378,377,530,1211,248,455,204,829,249,201,13636,206,1700,1098,272,321,454,405,672,2540,1104,508,51,232,50,743,125,395,550,137,5244,5087,189,153,1957,427,64,60,54,83,162,980,679,817,34,843,24,105,476,2030,788,58,63,82,456,848,740,205,143,1,3225,3197,343,200,337,1588,90,99,247,486,19030,1090,24295,4051,91,187,216,140,2015,716,101,307,681,1663,6103,161,2816,612,70,2099,97,288,444
7,3,12D3KooWL1bbzagZ1aNiTvqcoLPKG92wG47LCwktfvw8LkJeaGFd,494,3519,1066,231,1809,147,808,794,1542,283,1852,215,71,335,316,317,1797,587,468,2831,406,245,762,108,11298,194,1956,175,275,1166,120,237,886,127,2085,2771,252,2321,490,666,629,351,412,209,332,1831,391,164,509,257,1926,1439,446,323,442,104,116,236,498,136,131,1684,268,119,134,657,234,22324,221,1006,428,623,24314,228,1122,310,78,337,2855,1321,110,669,297,178,193,1049,64,113,4587,2547,173,3756,1088,544,334,129,2438,463,1924,1669,382,1480,200,1114,2354,44,2103,437,525,440,138,873,399,1729,546,736,1258,230,150,363,942,718,315,404,282,180,361,151,1731,1903,115,725,1463,22650,244,1196,557,276,1746,6754,654,2128,897,1656,890,497,1484,643,1039,157,280,341,149,1376,191,330,1375,123,107,1774,1933,961,4513,734,357,1563,277,599,753,202,764,223,994,619,471,192,208,23785,645,746,2469,631,492,407,182,124,170,217,23179,505,524,613,24056,154,262,1329,605,453,281,2271,126,305,142,314,662,621,133,253,250,1549,5233,94,2265,1767,240,707
7,4,12D3KooWK8WRcGPWDWBEWMG8ZH4ssqHFF53e6bL9TgM97j4FjyWL,425,3368,1546,3625,184,1211,519,1819,6782,287,6340,1401,2641,2655,2648,3027,4129,1960,1261,1803,247,11445,12,1259,929,13567,1214,7196,5998,484,1239,8014,1534,1298,36,2927,5499,4184,1642,2915,909,3045,1597,140,1799,837,273,5462,1987,470,943,624,1014,18481,6424,670,256,1497,270,2218,2585,1792,8675,722,355,6398,867,2952,13312,2207,935,1019,1775,10104,9999,6021,8505,346,2447,1941,60,24,692,904,139,2600,12119,198,10538,3777,3279,22218,2146,862,1066,1547,2559,677,1326,360,880,1604,1769,7235,19,1167,6034,13445,838,2486,6998,1043,299,5632,9293,6211,2832,1441,199,2016,6470,331,266,4680,8011,5697,374,11378,554,3178,1833,2624,857,378,14,350,2465,85,2526,64,2108,523,11849,647,17029,1163,2344,10365,109,46,1345,848,9933,1117,324,1946,462,116,2211,964,258,2625,540,11542,501,14076,300,118,503,183,627,317,3501,103,506,6148,1062,1244,17,6611,668,381,733,2795,551,3759,9370,1301,9397,9253,3122,18042,976,5,1675,6032,11914,2078,12589,5404,1400,1765,713,1609,2670,988,990,229,3534,185,552,700,2566,436,565,2580,168
7,5,12D3KooWFExp2DmZcS2y5qDXftimt9hZmoCAmBhjMp1PDbxry51F,1263,779,24874,520,361,774,1992,722,14064,426,1888,563,389,656,2204,33,1633,903,167,652,60,424,269,638,421,3547,213,789,603,479,14619,580,318,1014,381,42,2560,732,353,418,3799,70,737,1049,477,7997,351,2289,480,543,636,2914,155,2059,241,2061,899,904,166,287,502,591,1165,459,1291,689,4282,592,181,115,935,346,1451,688,532,515,1337,1007,1978,1620,491,445,24408,164,474,1869,568,227,38,683,534,4396,528,218,803,757,169,626,285,429,713,165,196,901,88,449,3048,171,467,926,295,7807,531,712,2536,405,2616,309,156,575,1954,109,487,1257,663,260,495,342,3268,118,478,153,475,267,1903,1227,6228,11,747,435,845,706,831,1153,1120,694,742,512,562,871,2239,1975,559,618,500,1605,839,14,2379,1085,324,191,2030,2797,767,470,898,661,2098,4550,3971,1400,526,135,368,937,354,271,1150,199,569,235,383,481,583,989,98,1040,408,22673,4,553,482,356,158,67,572,828,22,159,458,658,148,1309,53,4621,2465
7,6,QmavKGgeRBhsd4Hj9fc7tGFF61hz1s17CaJhiSfooJvwto,1217,978,6193,710,1130,697,1079,1730,741,366,303,304,883,1700,577,1018,1100,1117,882,371,296,634,219,905,1078,1115,1658,1209,91,452,912,535,640,1506,793,855,1013,369,387,965,3026,419,293,457,641,2831,1340,375,582,264,23905,2158,911,545,894,835,2320,411,730,1148,210,1409,962,699,636,1215,1016,22628,991,320,948,758,1815,853,1427,1716,827,771,311,1232,529,440,1235,1931,674,4357,24324,415,349,1667,4619,913,876,12159,4452,3181,373,561,649,434,1146,576,1073,504,536,695,727,522,2128,2421,539,326,833,58,1223,488,2212,820,1160,517,2172,1053,6763,521,821,1481,466,859,590,1141,6946,319,1069,1111,1048,2010,1133,2237,472,3262,1544,589,682,13774,4294,729,1616,1911,686,2608,783,866,401,885,664,1076,941,1186,1660,464,302,155,1011,1633,1930,554,578,5227,594,499,402,1699,1185,13249,616,358,630,584,1029,836,2181,352,617,952,1139,642,278,669,1550,588,4718,29,1488,21951,1252,655,775,538,300,537,3895,2093,573,567,896,665,892,802,778,1360,1024,388,177,1334,625,1953,2174,574,1201,2136
7,7,12D3KooWG4WrSobRFHEjbEtw9uZYY68B1Jq9LRjgAwi3DubRv39k,711,23348,843,739,845,379,1386,2059,748,84,292,474,950,1183,435,685,195,357,505,857,141,2218,443,779,909,1062,1037,1575,719,1174,1190,1765,717,1221,1068,1892,1211,606,266,1604,579,386,167,1494,165,1035,313,929,733,265,348,35,1703,308,737,1154,398,405,1094,728,8983,211,376,1098,1151,38,540,1117,23792,2338,976,858,1555,1629,3656,2204,1059,1144,1129,761,960,359,1534,41,1425,906,1263,2459,1097,267,1206,90,374,1056,1286,1309,5448,69,416,907,851,168,362,48,1636,2138,703,364,178,1178,491,2337,880,2248,2354,4934,3342,864,1101,927,378,1134,321,469,571,201,81,1210,156,723,63,331,542,436,12581,2215,385,336,1132,990,1569,528,832,355,1781,731,1009,1495,920,1460,975,179,1198,1259,2250,384,1181,347,1127,1303,943,586,172,8591,1214,1885,1142,647,2101,1878,1345,1043,270,953,1441,21,769,2566,396,716,1164,2641,773,137,1835,1153,1512,2952,1143,565,53,9542,2062,1026,1971,1606,776,610,1017,218,1255,663,900,1261,714,420,481,2268,810,1192,806,14,1574,7789,121,1150,24792
7,9,12D3KooWNynKc1wVGWziVinFVfsj3pYqNvV1cwonrX5A5UNgetzz,1751,2134,755,1822,533,25,940,1045,1074,851,585,685,1091,23771,541,460,308,1426,1368,110,515,4128,677,99,1591,1213,1579,205,875,750,721,683,872,1305,1405,1536,156,1121,414,1049,1099,704,2667,3756,1038,929,5034,1156,1619,1046,339,225,216,581,69,2019,974,370,1422,115,906,1482,1313,993,2438,1347,1578,1297,1348,1226,1859,102,306,1117,988,2420,1138,1827,3417,1576,2234,1199,648,4571,920,830,892,2659,328,637,608,552,1218,1025,461,3268,394,1594,1194,1311,4831,716,1626,756,4067,2104,834,548,240,395,847,1081,1231,2946,1394,973,759,1234,1158,611,298,1987,61,1476,1125,792,2317,922,1614,1168,28,1798,37,190,1509,1421,10062,2124,1272,1095,1734,1180,1000,22760,982,322,427,944,254,135,607,518,1147,1683,400,950,2379,1020,587,3027,2274,693,957,1233,2690,1914,1060,8810,1573,959,1084,1089,6,864,1709,1131,602,122,1475,1176,841,887,987,765,1030,191,850,1479,1314,597,228,1237,2576,881,15,392,1179,2703,2549,1960,811,161,393,1387,2092,556,633,146,2544,286
7,10,QmTJpSbvgoBtRLv1rKvA24dRw7eG8h6k5BYH3qhJp7wFwe,1906,13,1241,1580,1599,1485,3001,1735,1393,1341,23373,967,809,800,1540,1052,1674,1285,752,684,1269,1072,1721,928,1615,1240,1211,1271,1279,1586,950,2983,1316,1109,863,744,167,1155,473,1416,801,1661,1753,939,1277,716,1842,2281,1610,1396,2266,1187,1670,1087,972,1434,1607,2036,1118,1507,1406,620,1437,971,797,998,766,2131,5,2147,25005,1066,1834,1975,1350,1036,3039,1382,977,814,1471,1823,1843,1260,799,888,931,901,1353,3394,1700,1031,1351,3061,2909,1761,1830,2511,3189,667,5243,1405,822,1662,1517,1044,1478,96,997,968,1248,2145,1302,1720,23367,878,1510,2739,1858,145,1771,1418,1397,22016,1108,1976,641,2944,785,1389,1649,1513,1955,2251,1483,2076,3021,1332,1352,818,34,1456,1541,1391,812,1162,1448,1890,1875,869,1543,1672,1058,1290,772,2135,15009,917,1640,1829,1593,970,22615,1415,1310,932,884,787,870,1957,819,1417,1868,2912,763,347,854,1968,705,177,981,1743,1824,1964,2935,1617,702,715,3059,1041,701,1245,1847,1119,1490,844,1003,842,1816,1170,1552,2259,1492,786,2490,1687,3077,1089,877,2960,760,741,2344
7,11,12D3KooWFRsQTKQ7DCbUAyuuZmPnC1yM2PFWE6PtcnhNcfcq4vzv,1700,1154,2500,1056,2252,179,1142,1515,191,752,2702,1150,3772,1668,22028,1987,87,463,1711,2766,2555,3094,1472,1744,6332,273,18,2344,2264,1914,23431,1511,3125,1469,308,3183,797,1538,1793,2676,486,1851,52,275,456,1895,768,3108,2435,2822,656,167,570,129,1714,2436,2100,35,97,3990,1978,1400,70,350,719,2604,944,240,1557,356,524,3163,2876,3003,2178,558,2179,2101,47,1951,2008,1675,172,2686,459,2396,1806,1530,2013,62,1770,1799,41,1257,1250,509,331,2277,1263,9542,1061,1383,1635,245,1704,2074,4091,1153,1522,2674,8551,439,2108,5996,1663,271,3013,1528,42,328,2580,1698,2403,1447,166,1881,59,161,994,2114,3012,988,673,2381,243,571,213,2199,1475,4066,1477,2647,2434,1598,2016,1559,1080,1098,427,2053,1656,4085,1609,2195,824,531,2243,2140,612,447,321,3991,5,1211,2415,1871,1501,2945,140,242,444,105,1041,355,1678,2461,1216,1450,1570,742,2898,2406,2848,2722,1569,3044,2161,312,2058,2265,2021,3132,2364,1457,1788,1768,851,2061,3042,3224,1502,437,2799,1893,1455,2752,834,156,1577,739,791,433,163,2014,3270,3387,476
8,1,QmbLHAnMoJPWSCR5Zhtx6BHJX9KiKNN6tpvbUcqanj75Nb,109,119,96,2344,935,5,65,16,1656,8,311,2204,515,37,89,1628,163,62,19,116,10,367,167,768,56,312,196,80,145,2396,385,38,15,1869,66,1844,191,1627,676,1120,70,222,274,81,22,1408,199,32,1075,33,9,143,18,267,76,55,324,27,396,1006,67,651,1151,329,73,127,1152,20,1169,35,2410,48,1494,7,11,1631,128,516,183,23180,13,17,1657,4,227,875,380,287,68,493,301,24306,1195,238,9758,1116,72,47,40,36,9542,2,26,6,1067,97,1383,345,2492,79,933,168,63,42,22464,45,570,914,254,71,1275,448,130,514,57,338,14,313,102,1263,31,43,426,2465,75,1222,88,355,449,980,25,432,46,214,3265,28,21,1188,903,263,450,916,1175,266,177,422,469,473,243,3,1203,172,24,416,723,84,90,74,259,1265,41,423,1700,922,405,484,994,4621,716,103,176,69,12,1049,2392,409,49,144,23,1050,279,2155,239,465,1124,1034,160,53,2526,256,4949,2098,39,427,29,93,346,365,52,337,1161,1760,98
8,2,12D3KooWQg7n2JBwojG4opPk2UceyUW4bqRQpFVBtbKWEjSxUF5r,530,4327,119,307,85,291,152,49,321,1257,112,1588,644,395,916,247,848,849,51,1244,13636,1242,331,172,355,1105,496,425,389,86,1104,162,722,204,1957,1378,187,272,251,105,4129,63,1700,550,1090,99,110,2252,439,427,290,862,988,788,456,791,276,685,153,218,980,2098,143,24294,2177,83,216,87,54,1637,77,2344,740,286,52,614,648,455,1745,284,201,508,2540,1098,637,413,308,444,817,88,4051,141,5087,59,851,10380,289,511,60,232,206,681,1357,19030,1861,1992,691,1211,34,90,780,135,976,50,489,1799,2030,95,1653,843,865,337,1,563,91,327,81,97,114,716,101,2237,185,458,2015,743,200,161,1365,64,224,9542,106,405,24,146,377,829,189,1345,288,385,186,2624,5244,30,6103,24295,1663,1259,1442,1987,117,672,447,122,58,1059,451,698,2816,70,558,3225,2176,212,3197,679,125,454,486,140,249,343,195,979,248,100,700,226,475,137,612,476,179,325,220,61,82,205,191,3001
8,3,12D3KooWL1bbzagZ1aNiTvqcoLPKG92wG47LCwktfvw8LkJeaGFd,2547,2855,492,24314,753,498,150,1066,314,471,280,1746,173,115,191,1542,297,316,1122,110,391,283,544,104,317,6754,643,22650,268,107,1329,1731,175,133,669,192,886,557,71,1480,808,619,275,1321,351,1933,524,994,126,2265,5233,363,468,1831,1924,262,1656,335,113,221,623,237,764,244,762,131,231,200,154,332,127,357,428,1797,142,136,505,890,230,1956,718,657,587,315,170,164,1439,337,463,3519,3756,1774,334,707,236,64,223,631,2771,330,1088,442,124,182,119,1926,108,1463,234,323,794,1563,44,282,2085,1114,1039,151,1375,942,404,1376,437,440,490,1196,2321,281,134,605,240,2271,399,1549,725,305,277,407,123,645,22324,654,129,1258,406,157,446,497,746,1729,209,250,453,276,666,736,228,147,662,897,208,1669,4587,1166,382,202,116,2438,961,217,873,24056,2128,4513,340,341,412,2831,1684,1903,180,193,1049,252,629,1809,2103,245,120,2469,2354,361,1767,149,11298,546,23179,734,94,194,1006,1852,509,253,613,494,78,23785,1484,215,178,621,525,138,310,599
8,4,12D3KooWK8WRcGPWDWBEWMG8ZH4ssqHFF53e6bL9TgM97j4FjyWL,5998,6032,5462,5404,2447,10365,552,103,1675,1799,1987,24,6340,25289,1244,8675,1211,848,2927,1117,18042,199,85,722,3122,990,374,1014,2207,11914,2648,7196,904,943,565,118,2526,350,4184,1604,13445,2624,6470,1946,1345,247,627,5697,12119,1819,624,880,670,300,554,168,185,1609,11542,9253,8011,3368,6998,9999,5,700,355,1486,9397,360,270,2344,523,1019,837,1062,2655,8505,5632,12589,1803,2670,2078,1261,3777,677,1259,4129,976,258,1833,3178,25287,3625,470,273,6148,540,692,6611,3759,1301,7235,3501,6211,36,2016,2915,13312,10538,1239,4441,909,2218,2625,11378,18481,425,1326,2641,1534,964,1043,838,229,1497,287,139,2486,9933,266,2952,862,857,8014,462,1214,1769,14,668,1298,713,2211,726,551,2146,6021,183,2580,1547,1642,109,3279,6034,140,3027,5499,1775,501,184,506,1066,2795,1546,484,3534,11849,1401,12,2465,935,299,1167,733,6398,988,11445,13567,378,324,647,17,22218,64,1597,867,1441,1792,331,381,1400,2559,198,929,17029,1941,6424,10104,6782,2832,46,2585,2566,3045,436,9293,2600,346,4680,317,1960,19,60,2108,9370,1765,1163,503,256,14076,116
8,5,12D3KooWFExp2DmZcS2y5qDXftimt9hZmoCAmBhjMp1PDbxry51F,324,1120,1263,213,474,482,732,663,354,2616,737,1975,169,481,903,181,569,389,580,449,2204,24874,2059,3547,534,11,828,515,5742,368,14064,227,235,14619,989,520,1888,6228,24408,712,42,2914,803,845,2239,38,1620,342,158,171,636,155,218,33,495,199,491,1605,4282,53,353,683,688,2061,1992,1014,458,831,118,1400,638,88,512,1150,935,351,1040,4621,2536,2289,2098,4,583,421,1337,135,500,591,14,757,1451,706,70,405,318,408,532,164,694,196,2560,901,191,426,1291,470,285,167,346,459,383,1085,260,156,109,926,563,480,575,98,7629,309,269,467,1978,479,361,652,7997,1903,871,67,2379,656,562,165,774,2465,1227,722,1309,526,166,543,658,2030,713,1007,3971,531,1869,159,478,241,937,839,1145,904,572,424,568,487,115,3799,22673,626,3268,618,1153,767,747,418,4396,477,295,475,22,789,592,742,2797,898,1257,267,1165,356,528,445,899,1954,381,779,1633,148,3048,429,603,689,502,271,435,287,1049,559,661,153,553
8,6,QmavKGgeRBhsd4Hj9fc7tGFF61hz1s17CaJhiSfooJvwto,2608,1048,1815,642,1633,12159,2136,539,2181,682,21951,833,941,2831,793,896,3262,293,1217,1699,1148,655,578,1016,303,1550,415,1930,4619,855,630,1700,1232,625,1011,649,517,1073,892,866,210,3895,1931,1730,617,411,278,2237,1076,640,499,2212,537,1117,758,1506,1186,697,457,1024,13249,827,584,536,402,1953,695,674,6946,590,419,296,771,320,2158,349,894,3026,434,802,4357,1185,1115,978,1667,686,1069,616,588,573,1100,574,710,821,882,636,576,1160,577,13774,965,589,730,1481,58,836,23905,2010,545,641,2421,1340,464,11624,2174,1078,4718,91,219,155,1660,1018,538,783,1053,741,6193,1360,664,883,2128,1079,913,1209,304,729,1130,885,522,504,369,567,4452,778,1252,911,1544,373,948,905,820,1334,2320,319,1427,300,962,371,535,1146,375,1223,452,1133,876,561,1111,1235,991,177,388,952,859,2172,440,1409,1911,2230,699,529,665,6763,488,5227,358,835,3181,302,1616,352,326,1013,24324,582,29,669,1658,1139,472,264,366,387,634,22628,912,1215,1488,401,4294,853,775,311,1716,554,466,1201,594,1029,1141,521,727
8,7,12D3KooWG4WrSobRFHEjbEtw9uZYY68B1Jq9LRjgAwi3DubRv39k,1460,976,267,374,347,728,880,3342,1154,960,1494,1134,1035,2268,355,731,1781,1098,714,2215,386,266,265,1017,292,141,481,178,953,38,1878,1629,23348,364,1555,1206,1214,1129,748,1636,1101,1062,806,851,528,1181,1606,2952,769,384,719,270,1495,1164,906,1835,1569,717,63,416,336,586,1153,1211,1885,1026,1303,1132,435,121,90,1574,909,843,2337,53,84,9542,920,2062,491,398,308,443,907,565,21,647,376,773,1043,703,857,579,165,610,1056,571,1127,379,81,1059,4934,1009,2250,331,14,168,420,723,779,733,172,1892,156,1309,362,1534,378,218,990,2338,540,436,1192,1144,810,1971,542,2138,179,1604,1454,1117,1512,359,469,35,2059,900,1261,2204,1259,1286,1097,2641,5448,474,1143,1150,7789,211,1094,1221,1183,975,3656,313,1263,1345,201,950,1255,845,505,1178,776,2566,1142,357,2248,167,927,1151,385,606,1441,48,2459,929,663,41,1190,1386,1425,1210,858,1037,1703,943,12581,23792,711,1575,832,2218,864,2354,69,761,8983,321,737,137,405,1765,739,716,685,396,1068,2101,1198,348,195,1174
8,9,12D3KooWNynKc1wVGWziVinFVfsj3pYqNvV1cwonrX5A5UNgetzz,2092,1121,1218,1231,982,2703,306,750,1482,677,541,1089,611,721,25307,1046,1180,1176,1179,1147,4128,988,683,875,906,755,2690,1038,1594,597,1683,1060,1751,1156,830,254,608,929,1272,1573,940,851,6,1099,122,1421,1576,881,460,1233,427,2667,1213,704,1827,414,1619,957,3027,1368,2104,69,1091,973,1859,1237,190,2019,602,15,1117,887,892,37,974,515,2549,1476,1045,392,339,1305,1311,102,987,792,847,156,23771,394,1734,756,1084,2134,8810,518,1709,1426,765,2576,850,1131,811,240,322,135,8825,1020,1095,1509,24852,3417,1536,461,10062,225,1614,1914,146,1081,2544,1394,28,2274,1199,110,1987,1000,922,950,685,841,2438,161,1030,648,191,1049,1405,1960,395,1226,1422,308,328,693,4571,2420,1475,1314,1798,872,587,393,298,1234,1138,920,286,1168,370,3756,1025,1348,552,5034,716,1313,759,637,556,1194,2317,2379,1626,25,228,607,4067,581,2659,2234,2946,400,633,2124,1591,3268,1074,1297,2658,1125,1158,993,959,533,864,216,1479,1578,61,115,1347,1387,585,4831,944,205,548,99,834,1579
8,10,QmTJpSbvgoBtRLv1rKvA24dRw7eG8h6k5BYH3qhJp7wFwe,786,1735,1396,702,15009,752,701,1052,1830,972,2944,1610,705,971,744,787,2960,822,23367,1089,1418,1471,2076,1957,1310,3059,1248,766,1478,1517,684,1332,1260,2344,3021,1155,1241,1279,1674,1072,620,1087,760,1834,1245,1417,3189,950,3077,917,1720,1761,1615,814,1875,1448,1771,1187,1670,19551,1031,799,1593,997,977,23373,1672,2259,641,931,1240,1316,1352,145,1118,715,1353,884,819,2281,1540,1968,967,1858,1976,1687,1586,1617,888,1816,473,177,3001,1397,1975,801,1485,818,1290,939,741,1285,1058,22016,1649,1964,1743,1389,1492,1302,1350,96,1541,870,800,2135,932,3061,2511,809,2490,1599,1955,1662,3039,763,2036,772,1119,797,1607,2983,1406,1490,1824,1543,785,2147,1277,1044,812,1416,667,869,877,2909,2739,844,1271,981,347,5,1437,968,1640,1753,878,1700,1868,1829,1269,901,1434,998,1843,1211,970,1382,22615,5243,167,1842,1906,1580,1823,1108,716,863,13,1041,1162,1552,2145,1847,34,1351,1391,1405,3394,854,1341,842,1066,1513,1170,1507,2935,2266,2912,1036,2131,928,2251,1510,1890,1415,1109,1456,1003,1483,1393,1721,1661
8,11,12D3KooWFRsQTKQ7DCbUAyuuZmPnC1yM2PFWE6PtcnhNcfcq4vzv,1881,3991,2686,1675,2799,2945,2435,2406,3163,1656,18,1098,3224,3270,6332,739,1711,156,1770,331,1893,275,1663,2434,2500,1457,463,742,271,1714,524,1502,1744,42,2061,2243,1061,1668,1806,1570,1987,1559,1528,2555,558,3132,3959,59,2252,273,35,5996,2676,437,2008,179,4085,2848,570,2140,2021,1577,824,62,4091,97,243,3387,2436,1250,1895,791,2264,3108,1383,2674,1150,166,356,1257,447,163,2016,433,2898,1793,355,1472,1211,571,2108,2766,531,350,719,2195,52,656,8551,1557,1538,70,2058,2101,2179,3044,308,1768,3772,2381,3003,240,1469,1080,245,2722,140,1698,2396,1700,321,312,444,834,2702,2403,851,1511,673,9542,242,797,2014,3990,1153,5,1704,1569,1530,328,172,509,2053,994,2647,1475,2074,988,1455,1501,2344,2013,1263,944,2178,3012,439,427,41,2415,2461,1609,3183,1041,3013,2161,2277,1142,191,129,476,87,23431,1154,1216,1477,1978,1447,459,2265,161,105,486,1951,612,752,2199,3042,1871,47,2822,2752,2604,2364,2580,1056,2876,1788,1522,1678,1598,2100,3094,1914,1635,1515,4066,167,1799,213,1450,2114,768,3125,1400,456,1851
9,1,QmbLHAnMoJPWSCR5Zhtx6BHJX9KiKNN6tpvbUcqanj75Nb,448,35,1049,914,53,287,469,20,1116,1175,651,42,72,514,68,70,22,1275,65,2155,1627,716,1195,355,116,52,119,243,15,313,380,301,33,7,103,254,17,570,40,423,267,38,1656,449,160,145,27,81,191,73,676,88,24,1631,96,875,46,473,23,916,2098,338,337,56,128,98,4,1657,66,3265,994,1869,465,16,259,1006,1075,41,1494,416,396,4621,385,427,516,25,2396,1124,76,63,89,1067,345,515,1700,2344,2492,346,29,1050,5,24306,172,2392,422,1151,144,922,256,279,11,768,426,55,2204,13,39,1222,1760,48,214,102,980,49,238,32,1263,45,222,196,365,9758,130,6,2526,1628,405,26,10,12,312,168,75,97,2465,2,163,263,143,80,1844,274,450,47,493,9,1034,311,903,9542,167,74,227,1203,23180,21,36,723,199,19,69,127,71,1383,1161,484,1408,367,62,1169,37,1152,176,67,183,109,239,93,43,79,31,409,90,266,432,3,2410,329,18,57,84,177,8,28,324,4949,14,1120,933,1188,935
9,2,12D3KooWQg7n2JBwojG4opPk2UceyUW4bqRQpFVBtbKWEjSxUF5r,829,511,385,851,3001,10380,284,286,247,212,447,791,508,110,117,60,1345,50,476,90,220,141,1861,343,1090,24294,2624,140,51,1059,153,1098,201,125,251,475,106,862,146,530,2540,5244,70,456,331,58,817,49,307,337,413,82,61,614,405,5087,1104,558,232,455,1442,3225,355,54,1700,1745,87,672,1992,4129,186,648,685,2098,77,83,716,97,63,698,1653,377,112,1357,1257,496,249,327,248,85,321,2015,325,740,644,187,91,114,143,1637,189,19030,976,1799,291,1,191,848,980,162,185,9542,206,24295,4327,95,1588,204,101,979,427,1244,224,290,1957,439,1378,179,2252,2177,289,6103,454,100,64,1211,122,105,99,486,308,1663,172,700,1259,135,550,2237,205,88,489,34,2030,81,272,161,1242,458,195,788,679,1105,451,916,3197,743,13636,395,218,24,681,2816,226,722,444,425,563,2344,1987,4051,843,691,988,152,30,288,780,52,137,865,59,637,276,849,389,119,2176,216,1365,86,200,612
9,3,12D3KooWL1bbzagZ1aNiTvqcoLPKG92wG47LCwktfvw8LkJeaGFd,22324,237,257,524,275,613,202,1376,330,587,1375,71,1656,173,498,110,1746,341,107,605,1321,2831,707,897,746,305,9843,599,1809,252,164,2321,215,1439,2547,191,142,2271,363,23179,24314,525,621,133,244,357,382,753,4587,631,1563,113,129,234,623,1066,149,277,332,138,116,1731,123,557,490,337,1797,1480,440,170,5233,23785,1696,1831,736,150,124,108,2354,335,2469,725,209,94,217,180,1669,662,1774,762,131,200,268,666,505,453,2771,193,2438,509,317,323,1852,619,446,1924,1463,228,1196,1088,406,283,119,463,78,192,310,22650,194,1549,2265,428,280,250,4513,407,178,297,391,546,44,351,3756,1258,1039,262,437,471,1166,1956,468,245,544,2103,890,494,442,6754,182,11298,230,942,157,1484,1767,151,643,1122,2085,1329,361,404,873,231,645,1729,316,115,253,104,629,718,3519,2855,497,147,654,240,994,1933,657,1049,64,127,1684,154,315,412,223,282,208,126,1006,1903,886,136,314,399,281,764,2128,1542,492,794,669,334,961,120,175,808,221,276,1926,134,1114
9,4,12D3KooWK8WRcGPWDWBEWMG8ZH4ssqHFF53e6bL9TgM97j4FjyWL,436,976,24,9397,3625,1014,501,988,990,1833,199,256,2465,2016,1261,1675,3387,1163,266,909,1486,5632,624,2580,523,273,935,25847,5697,838,25287,554,848,1043,857,1019,270,85,60,2655,11378,1214,2832,381,2670,722,46,1597,1497,1117,5499,1792,9999,6611,2078,2625,3027,14076,9933,5998,6034,13139,247,17,3777,360,2927,1326,331,355,6340,2559,5404,3178,1239,1775,929,668,8675,229,2447,677,670,140,1941,9293,2218,12,713,1298,1259,1819,4129,5,12119,552,184,3122,2211,1062,1765,565,299,378,8014,867,11542,1642,8505,9253,4186,346,17029,9370,1441,22218,733,168,7196,8011,13445,11849,862,19,4184,1534,1960,551,7235,2624,1400,6782,1211,2566,3279,317,1946,726,2486,2207,540,6424,374,5462,1799,6998,6032,103,904,36,1401,6148,3045,64,10538,324,287,1769,116,139,6021,470,6211,3368,2641,506,3501,2344,692,3534,647,2146,1609,25289,503,350,2585,18042,2648,13567,300,1604,1547,1066,700,1546,6398,484,258,185,462,2526,118,3759,6470,4680,11914,2795,964,10365,880,2952,425,1167,943,14,837,198,1345,2108,109,2915,627,2600,10104,18481,183,1987,13312
9,5,12D3KooWFExp2DmZcS2y5qDXftimt9hZmoCAmBhjMp1PDbxry51F,575,435,569,572,1085,1040,421,169,1903,424,2402,318,389,1257,7997,22,1888,495,732,368,663,2030,166,779,33,1633,25432,480,135,11,353,898,148,24874,426,2098,356,603,4396,5742,500,1975,159,4282,531,767,478,4550,1337,774,562,38,871,235,553,14,165,706,1049,1263,1291,658,2061,580,487,408,67,260,309,1620,479,287,158,14064,354,181,3048,474,989,167,324,191,3268,218,789,1978,271,2289,1007,459,694,1451,227,661,4,418,520,901,2239,2204,155,383,626,491,153,470,591,171,899,515,2059,747,118,241,6228,381,502,2797,638,583,109,543,4621,1227,98,1605,351,2536,429,1120,828,22673,689,1014,512,1309,683,2616,926,88,1992,7629,196,3971,458,935,449,636,737,1145,592,285,713,405,70,2560,568,563,534,342,1150,269,156,532,213,559,295,477,482,722,14619,526,3547,53,1153,528,2914,742,1165,903,839,652,267,361,904,803,199,2379,475,656,937,3799,1869,445,712,1400,115,346,42,757,831,481,164,2465,688,845,618,467
9,6,QmavKGgeRBhsd4Hj9fc7tGFF61hz1s17CaJhiSfooJvwto,2831,296,1209,578,941,91,665,3262,697,1215,882,358,554,1667,2421,1048,1506,319,1073,264,1079,1660,529,686,561,2136,302,411,771,859,2608,582,710,1076,387,349,1160,352,1616,304,1100,1953,640,536,1488,488,5227,1700,219,892,833,539,12159,695,2128,21951,952,1139,1011,388,4718,369,584,472,29,2093,293,894,1013,1024,311,866,1018,1133,2320,616,948,821,835,913,419,1117,642,1550,962,573,775,1931,729,883,589,464,1252,574,855,630,567,1130,2212,778,320,4357,965,655,674,545,2237,22628,576,326,375,1699,2230,885,836,793,2158,2181,912,617,1185,415,499,1217,1730,373,457,4294,1360,634,4619,1069,24324,1911,978,6763,1186,402,577,4452,3026,727,2174,730,1235,452,23905,876,2292,820,905,1115,522,1148,11886,2010,535,521,625,1016,741,1053,664,802,1815,303,783,682,3181,590,58,1930,177,641,1223,853,911,466,1427,155,1141,13774,699,649,6193,1658,1029,278,3895,504,517,827,1409,401,1334,371,210,1633,434,636,1078,1716,537,588,300,366,669,440,1544,758,6946,1146,1232,1481,991,1201,896,1111,594
9,7,12D3KooWG4WrSobRFHEjbEtw9uZYY68B1Jq9LRjgAwi3DubRv39k,23348,1221,1142,714,416,1035,35,2138,48,362,359,474,168,1765,121,1495,610,379,1129,348,975,167,739,761,540,950,7789,63,864,586,1574,2641,385,2215,1183,1101,405,1043,2952,1494,843,436,90,331,1878,2248,1009,1178,469,907,1555,1132,505,398,1835,1017,717,481,1181,201,266,8983,364,1059,81,920,1037,1153,53,685,851,769,178,943,270,1534,703,179,321,776,69,1261,396,378,165,1259,1286,927,571,909,1629,858,542,737,906,386,1150,1255,723,2459,663,1062,1174,1606,355,1885,647,845,2250,1345,218,2059,1117,1134,3656,336,172,156,990,880,211,711,1211,2062,2337,900,579,38,195,1026,21,1604,1127,1143,1303,2204,1154,1460,3342,929,1263,2338,1512,748,976,308,1636,1386,1892,1214,12581,528,960,1441,267,716,141,137,719,1425,606,857,1098,9542,2268,374,347,1206,1210,491,14,2218,731,1703,420,2101,953,1190,1781,1575,2354,1569,292,1164,806,4934,2566,313,1068,376,1094,1097,728,1454,1144,1056,810,565,84,1309,779,773,41,384,733,832,265,1151,23792,443,1198,435,1971,357,1192
9,9,12D3KooWNynKc1wVGWziVinFVfsj3pYqNvV1cwonrX5A5UNgetzz,2317,2104,161,602,102,1226,1578,611,881,1125,1348,1311,597,2667,99,286,308,146,974,225,906,1060,1020,328,1049,677,811,851,393,1045,1081,607,1179,988,1683,240,1576,1117,3268,1313,1180,2549,2420,4067,1314,518,28,6,15,1476,515,370,1168,944,205,400,1084,929,1426,2946,427,339,982,254,841,759,704,392,864,637,110,1121,2438,216,1914,1156,1199,2690,920,322,1347,1405,1194,2576,156,973,922,872,1297,1000,1234,875,2379,8825,1030,2092,2274,1218,1421,5034,1626,1734,1619,552,1046,993,1394,587,1231,585,1089,892,1594,3027,533,1213,2234,1536,1751,4128,1158,298,122,940,2124,830,1960,3417,24852,765,1479,3756,394,135,1579,1368,61,2019,1147,1827,2134,115,37,1387,693,460,1614,1573,25,581,950,1233,1038,1099,683,847,1422,556,1131,306,834,1591,685,1987,228,10062,1859,1305,716,792,648,395,756,548,1237,414,1709,461,541,1074,190,608,1025,4831,1509,1091,987,2658,2659,69,1095,1138,191,23771,4571,850,2544,8810,2703,755,1272,721,1482,887,1798,1176,750,633,959,1475,957
9,10,QmTJpSbvgoBtRLv1rKvA24dRw7eG8h6k5BYH3qhJp7wFwe,1396,1507,2983,641,1490,1109,752,822,1155,932,1875,977,1316,715,2036,702,1540,2511,854,177,2944,968,1260,1510,1842,1599,1170,819,1700,1072,1353,901,1052,1661,1044,1761,800,2960,878,950,2259,772,1830,1332,801,766,1615,1418,844,1279,2344,931,1187,1437,1823,1087,3001,2135,1397,1735,1241,2147,1617,1687,1290,684,1649,1552,1417,1743,1868,1302,997,1483,1640,917,1389,1310,473,888,15009,797,971,1245,842,23833,3039,1271,1593,1492,1269,1513,701,5,1607,863,2739,818,1448,799,787,19549,2912,1471,1119,1434,1391,1906,1672,970,1240,3394,1036,1674,1277,809,34,1610,869,1843,1975,705,877,2076,22615,1834,1089,22016,1541,1393,760,1721,1350,972,870,1720,13,716,1955,167,1382,1976,1108,1211,620,1415,2935,1753,1031,145,1118,814,2131,1847,1041,1285,763,1003,667,744,1517,928,1816,2909,1341,3059,741,785,3077,1058,1248,1670,1829,1968,2281,1964,998,3021,19551,1456,1416,3061,939,3189,1406,1351,1352,2266,2145,1580,1543,786,812,967,1478,1957,1824,981,884,1066,347,23367,1485,1858,1890,1662,1162,1405,96,1586,1771,2490
9,11,12D3KooWFRsQTKQ7DCbUAyuuZmPnC1yM2PFWE6PtcnhNcfcq4vzv,1056,1257,656,1502,243,742,1577,2647,1656,191,1799,2344,1851,433,163,1450,797,129,1383,3012,768,1216,444,3183,2415,2799,1635,437,2074,3094,42,1987,791,1806,87,2702,47,944,1569,355,1501,1788,18,1978,213,3163,456,2014,62,1711,5,2604,2580,4085,328,1455,3772,1700,1457,1475,3042,1477,439,2114,1714,2403,2945,509,312,3125,2406,1098,2053,3990,1250,2500,2178,1557,321,105,2822,70,447,3044,2436,2676,752,1744,2876,1154,3003,1768,1522,824,3991,1951,2898,2461,427,1061,834,2252,1263,2058,2364,673,2008,988,59,2021,3224,1538,273,1698,140,2848,240,1515,97,719,156,5996,1871,524,3132,2013,275,172,2100,1511,1080,486,1447,1668,331,2199,1678,35,2396,1770,2722,3387,1675,41,612,23431,161,356,179,2179,459,1472,1559,2674,2435,2434,1400,1530,2264,476,2061,1793,166,2016,2195,1469,1041,1528,2243,4066,1663,1609,2161,245,1914,1895,570,2277,9542,8551,52,2381,1570,2108,558,851,1142,571,3270,3013,2555,308,271,1211,242,463,2766,2686,1150,739,1893,1598,350,6332,1153,167,531,2101,2752,2265,3108,2140,4091,1704,1881,994
